ID_TICKET,ID_CAJA,CURP,ID_SUCURSAL,TIME_STAMP,CLIENTE,NO_PRODUCTOS,TIPO_PAGO,TOTAL_COMPRA
65,33,MAEP901211MGTCNA73,6,0:05:00,Cliente0065,8,tarjeta,7.01
66,71,SAMC711103FGTWEH64,7,0:41:00,Cliente0066,7,efectivo,6.99
67,4,TACM870706MVZNRA14,8,0:44:00,Cliente0067,7,tarjeta,6.19
68,74,BETL920711FDGRWA64,9,0:20:00,Cliente0068,9,efectivo,8.63
69,76,COHJ760326MDFSUU07,10,0:40:00,Cliente0069,7,tarjeta,8.28
70,92,MACK750122MCLCRI37,11,0:38:00,Cliente0070,1,efectivo,3.17
71,30,EBHL720222MCLBAA97,12,0:01:00,Cliente0071,2,tarjeta,2.84
72,65,FAJJ841022MBSLAU69,13,0:43:00,Cliente0072,3,efectivo,3.93
73,57,KEEC990619MQTHDO55,14,0:29:00,Cliente0073,6,tarjeta,9.6
74,19,DABR930520MPLRIA38,15,0:17:00,Cliente0074,6,efectivo,3.16
75,25,DUUS830112FTSIRT54,16,0:57:00,Cliente0075,9,tarjeta,7.18
76,39,TRPL890731GDFUEA46,17,0:09:00,Cliente0076,4,efectivo,2.96
77,31,FESJ871216MBCRHE05,18,0:57:00,Cliente0077,7,tarjeta,2.07
78,41,CRFB880126FPLUEA78,19,0:11:00,Cliente0078,1,efectivo,4.43
79,67,PACA700821FGTULN20,20,0:16:00,Cliente0079,3,tarjeta,8.28
80,16,HUVR861220MTCGEO09,1,0:19:00,Cliente0080,8,efectivo,1.62
81,33,HABA820225FTLRIL45,2,0:56:00,Cliente0081,9,tarjeta,9.66
82,98,CACA880301FCHMRU20,3,0:17:00,Cliente0082,4,efectivo,4.48
83,90,BUBM970516FOCMRE84,4,0:22:00,Cliente0083,8,tarjeta,5.26
84,53,SAMC711103FGTWEH64,5,0:20:00,Cliente0084,7,efectivo,7.5
85,91,SHSS960626FGRECI13,6,0:15:00,Cliente0085,10,tarjeta,5.39
86,27,SMDH870821NDFAUA60,7,0:36:00,Cliente0086,7,efectivo,8.78
87,57,STHR841219FTLAAA64,8,0:03:00,Cliente0087,2,tarjeta,2.46
88,29,KABH790308MBSROA03,9,0:02:00,Cliente0088,6,efectivo,1.57
89,15,GIWG820104FNLLAE76,10,0:07:00,Cliente0089,5,tarjeta,6.25
90,79,BETL920711FDGRWA64,11,0:49:00,Cliente0090,1,efectivo,3.03
91,50,DRKR870309MTCOIO34,12,0:14:00,Cliente0091,9,tarjeta,9.96
92,87,HERS800926FCHBUT83,13,0:35:00,Cliente0092,5,efectivo,3.16
93,22,ARWJ970404MQTROO60,14,0:52:00,Cliente0093,8,tarjeta,9.65
94,37,CRDW760222FBSIEA91,15,0:27:00,Cliente0094,4,efectivo,3.86
95,29,COGD820217MOCTRO55,16,0:50:00,Cliente0095,6,tarjeta,9.2
96,37,DISG740707FSLLWW28,17,0:20:00,Cliente0096,10,efectivo,7.55
97,72,FAIG991004MSPRTE27,18,0:54:00,Cliente0097,2,tarjeta,1.19
98,88,OSKC980330BYNOUO94,19,0:46:00,Cliente0098,10,efectivo,6.09
99,92,HUPF751231FCMNAE48,20,0:09:00,Cliente0099,9,tarjeta,1.51
100,8,DETE720227MMCDRP41,1,0:07:00,Cliente0100,3,efectivo,4.43
101,14,THFT841224MQROII59,2,0:03:00,Cliente0101,10,tarjeta,8.61
102,3,DRND851022BTCIIA89,3,0:34:00,Cliente0102,4,efectivo,6.49
103,90,FESJ871216MBCRHE05,4,0:41:00,Cliente0103,2,tarjeta,4.26
104,42,PIGO910404FMNDED41,5,0:25:00,Cliente0104,9,efectivo,9.71
105,53,OSKC980330BYNOUO94,6,0:40:00,Cliente0105,4,tarjeta,7.02
106,20,AYBK761021GPLCRA42,7,0:53:00,Cliente0106,5,efectivo,7.39
107,63,VASM801119AHGNLA39,8,0:54:00,Cliente0107,9,tarjeta,6.02
108,50,GHCF761019BMCEHI76,9,0:24:00,Cliente0108,5,efectivo,1.15
109,94,BUBM970516FOCMRE84,10,0:18:00,Cliente0109,9,tarjeta,3.81
110,20,MASA790911FCLXEU22,11,0:03:00,Cliente0110,4,efectivo,9.95
111,28,CACH800731MMSZLE85,12,0:08:00,Cliente0111,4,tarjeta,4.35
112,27,MABP780714MMNFRA82,13,0:14:00,Cliente0112,5,efectivo,7.94
113,82,BRBL860509FJCOAY25,14,0:58:00,Cliente0113,5,tarjeta,5.26
114,55,BALS870921MCSUAC68,15,0:52:00,Cliente0114,8,efectivo,4.77
115,41,BABG810617FHGUIA28,16,0:17:00,Cliente0115,7,tarjeta,9.44
116,64,VAPC920826MPLRUO86,17,0:33:00,Cliente0116,8,efectivo,5.56
117,32,SHCJ990110FCHAAU13,18,0:50:00,Cliente0117,1,tarjeta,6.13
118,79,GOFM961107FTCTUO54,19,0:07:00,Cliente0118,1,efectivo,7.51
119,62,VEMC760926FQRNAA13,20,0:47:00,Cliente0119,1,tarjeta,8.37
120,25,INTL800217FSLKIE81,1,0:09:00,Cliente0120,4,efectivo,5.04
121,4,GIHN980222MCMLAI09,2,0:11:00,Cliente0121,5,tarjeta,7.15
122,31,COHJ760326MDFSUU07,3,0:05:00,Cliente0122,5,efectivo,1.97
123,50,DOBL850516BQRNOI91,4,0:57:00,Cliente0123,7,tarjeta,4.75
124,76,LIMD721115MJCMIO09,5,0:31:00,Cliente0124,4,efectivo,1.85
125,12,KILT800801FOCTAI84,6,0:08:00,Cliente0125,10,tarjeta,5.22
126,10,GOFM961107FTCTUO54,7,0:06:00,Cliente0126,4,efectivo,4.4
127,25,GLGL840412FNLAOO81,8,0:20:00,Cliente0127,4,tarjeta,5.94
128,97,FAJJ841022MBSLAU69,9,0:12:00,Cliente0128,3,efectivo,4.02
129,79,DRKR870309MTCOIO34,10,0:11:00,Cliente0129,4,tarjeta,1.43
130,8,KLAL900916FDGEIE04,11,0:32:00,Cliente0130,10,efectivo,7.95
131,63,KUWS910402NNLBEI94,12,0:29:00,Cliente0131,4,tarjeta,8.93
132,84,GHCF761019BMCEHI76,13,0:58:00,Cliente0132,2,efectivo,7.71
133,4,VEMC760926FQRNAA13,14,0:31:00,Cliente0133,1,tarjeta,1.3
134,81,PAAC920419FGTTVO87,15,0:47:00,Cliente0134,3,efectivo,5.28
135,70,ANQS780903FQTDUA20,16,0:27:00,Cliente0135,5,tarjeta,9.83
136,66,HERS800926FCHBUT83,17,0:30:00,Cliente0136,5,efectivo,4.74
137,37,CACH800731MMSZLE85,18,0:14:00,Cliente0137,4,tarjeta,9.75
138,77,HABA820225FTLRIL45,19,0:07:00,Cliente0138,1,efectivo,5.54
139,95,GOFM961107FTCTUO54,20,0:16:00,Cliente0139,4,tarjeta,2.34
140,21,CRFB880126FPLUEA78,1,0:09:00,Cliente0140,5,efectivo,3.5
141,59,THFT841224MQROII59,2,0:08:00,Cliente0141,9,tarjeta,4.98
142,46,GADA911027FHGSIG96,3,0:12:00,Cliente0142,10,efectivo,9.42
143,33,MACK750122MCLCRI37,4,0:30:00,Cliente0143,10,tarjeta,8.93
144,36,WHGD870116FVZAUA72,5,0:43:00,Cliente0144,3,efectivo,3.15
145,70,COGD820217MOCTRO55,6,0:00:00,Cliente0145,4,tarjeta,1.52
146,19,MABP780714MMNFRA82,7,0:22:00,Cliente0146,1,efectivo,4.22
147,15,PAAC920419FGTTVO87,8,0:39:00,Cliente0147,3,tarjeta,6.26
148,97,LOSK880201ATLUAA99,9,0:33:00,Cliente0148,2,efectivo,8.19
149,60,DAJR941016MDGLIA11,10,0:32:00,Cliente0149,2,tarjeta,9.96
150,85,MCAO920101FHGCCL03,11,0:09:00,Cliente0150,2,efectivo,8.89
151,47,KEEC990619MQTHDO55,12,0:58:00,Cliente0151,3,tarjeta,9.86
152,46,GOFM961107FTCTUO54,13,0:18:00,Cliente0152,8,efectivo,3.76
153,7,BETL920711FDGRWA64,14,0:40:00,Cliente0153,8,tarjeta,3.61
154,74,DOBL850516BQRNOI91,15,0:15:00,Cliente0154,9,efectivo,7.02
155,96,PACA700821FGTULN20,16,0:13:00,Cliente0155,6,tarjeta,5.24
156,70,HEMD820611MGTAEU67,17,0:03:00,Cliente0156,3,efectivo,8.27
157,32,VASM801119AHGNLA39,18,0:49:00,Cliente0157,6,tarjeta,6.5
158,5,PACA700821FGTULN20,19,0:08:00,Cliente0158,8,efectivo,5.93
159,32,STWL800319GMCUAO28,20,0:46:00,Cliente0159,4,tarjeta,3.3
160,45,KNBK960914FASOOA45,1,0:00:00,Cliente0160,3,efectivo,7.42
161,83,LEBC850828PSPTLO16,2,0:06:00,Cliente0161,10,tarjeta,1.73
162,1,HERS800926FCHBUT83,3,0:44:00,Cliente0162,4,efectivo,4.54
163,99,GAVF891225FTSDIR46,4,0:48:00,Cliente0163,5,tarjeta,3.77
164,94,MCCS951214FNLCHH80,5,0:01:00,Cliente0164,6,efectivo,5.09
165,92,KLAL900916FDGEIE04,6,0:30:00,Cliente0165,8,tarjeta,9.63
166,64,CEPY851026FNTSRO85,7,0:25:00,Cliente0166,6,efectivo,1.23
167,54,OSKC980330BYNOUO94,8,0:09:00,Cliente0167,9,tarjeta,2.72
168,31,VAJJ860909FJCSIA20,9,0:29:00,Cliente0168,8,efectivo,8.73
169,56,GIHN980222MCMLAI09,10,0:26:00,Cliente0169,2,tarjeta,1.42
170,75,DOBL850516BQRNOI91,11,0:41:00,Cliente0170,2,efectivo,5.98
171,24,NOGE840522MTCRRV12,12,0:17:00,Cliente0171,4,tarjeta,5.77
172,80,BRBL860509FJCOAY25,13,0:58:00,Cliente0172,3,efectivo,3.53
173,21,LEBC850828PSPTLO16,14,0:55:00,Cliente0173,7,tarjeta,2.76
174,90,MAEP901211MGTCNA73,15,0:44:00,Cliente0174,4,efectivo,1.23
175,12,GIHN980222MCMLAI09,16,0:19:00,Cliente0175,4,tarjeta,2.79
176,65,FAIG991004MSPRTE27,17,0:16:00,Cliente0176,2,efectivo,7.97
177,59,GELG970223FGTIEL29,18,0:34:00,Cliente0177,5,tarjeta,7.75
178,36,HINA980519MOCNAD56,19,0:38:00,Cliente0178,5,efectivo,5.49
179,41,CRPA890528MPLAHU58,20,0:00:00,Cliente0179,9,tarjeta,3.23
180,7,NOGE840522MTCRRV12,1,0:35:00,Cliente0180,5,efectivo,8.48
181,71,DOEB820928MDFMNE22,2,0:02:00,Cliente0181,7,tarjeta,7.36
182,24,REMV970310MYNVOA05,3,0:21:00,Cliente0182,7,efectivo,2.77
183,6,AYBK761021GPLCRA42,4,0:50:00,Cliente0183,1,tarjeta,8.41
184,82,DETE720227MMCDRP41,5,0:22:00,Cliente0184,8,efectivo,8.16
185,75,CRPA890528MPLAHU58,6,0:45:00,Cliente0185,2,tarjeta,3.34
186,53,HEMD820611MGTAEU67,7,0:47:00,Cliente0186,8,efectivo,3.32
187,25,VASM801119AHGNLA39,8,0:10:00,Cliente0187,8,tarjeta,5.08
188,26,TRPL890731GDFUEA46,9,0:57:00,Cliente0188,1,efectivo,7.94
189,96,VAJJ860909FJCSIA20,10,0:35:00,Cliente0189,4,tarjeta,1.95
190,98,SHSS960626FGRECI13,11,0:26:00,Cliente0190,8,efectivo,3.01
191,72,DRND851022BTCIIA89,12,0:38:00,Cliente0191,5,tarjeta,4.23
192,29,VEEH800225MCSRRU48,13,0:01:00,Cliente0192,6,efectivo,7.39
193,22,DRND851022BTCIIA89,14,0:47:00,Cliente0193,1,tarjeta,3.16
194,28,MCAO920101FHGCCL03,15,0:17:00,Cliente0194,4,efectivo,2.92
195,68,ALMA830409MSRMAL39,16,0:40:00,Cliente0195,8,tarjeta,9.11
196,62,HUVR861220MTCGEO09,17,0:01:00,Cliente0196,2,efectivo,3.85
197,86,DABR930520MPLRIA38,18,0:17:00,Cliente0197,9,tarjeta,3.36
198,42,TACM870706MVZNRA14,19,0:44:00,Cliente0198,1,efectivo,4.19
199,37,MASA790911FCLXEU22,20,0:29:00,Cliente0199,4,tarjeta,3.97
200,93,NOGE840522MTCRRV12,1,0:08:00,Cliente0200,2,efectivo,2.6
201,62,CACA880301FCHMRU20,2,0:08:00,Cliente0201,10,tarjeta,5.65
202,52,WHGD870116FVZAUA72,3,0:06:00,Cliente0202,8,efectivo,5.59
203,8,STWL800319GMCUAO28,4,0:42:00,Cliente0203,6,tarjeta,4.62
204,85,GOFM961107FTCTUO54,5,0:46:00,Cliente0204,4,efectivo,9.73
205,31,HUPF751231FCMNAE48,6,0:34:00,Cliente0205,5,tarjeta,8.67
206,25,MABP780714MMNFRA82,7,0:34:00,Cliente0206,10,efectivo,8.36
207,38,DRND851022BTCIIA89,8,0:50:00,Cliente0207,7,tarjeta,4.37
208,11,RYHB770516PCCAEE69,9,0:45:00,Cliente0208,8,efectivo,9.23
209,65,MAWA931112FCHRAB49,10,0:55:00,Cliente0209,7,tarjeta,9.27
210,33,OSKC980330BYNOUO94,11,0:48:00,Cliente0210,6,efectivo,8.35
211,68,PIGO910404FMNDED41,12,0:50:00,Cliente0211,6,tarjeta,8.21
212,40,KNBK960914FASOOA45,13,0:32:00,Cliente0212,3,efectivo,1.33
213,93,CHML890621FMSAEU73,14,0:33:00,Cliente0213,6,tarjeta,7.25
214,77,BABG810617FHGUIA28,15,0:39:00,Cliente0214,3,efectivo,4.01
215,54,LOSK880201ATLUAA99,16,0:39:00,Cliente0215,2,tarjeta,6.43
216,41,SMDH870821NDFAUA60,17,0:36:00,Cliente0216,1,efectivo,7.82
217,7,GIWG820104FNLLAE76,18,0:38:00,Cliente0217,8,tarjeta,8.63
218,68,PACA700821FGTULN20,19,0:32:00,Cliente0218,5,efectivo,9.51
219,41,RYHB770516PCCAEE69,20,0:29:00,Cliente0219,3,tarjeta,7.53
220,31,LOSK880201ATLUAA99,1,0:15:00,Cliente0220,2,efectivo,1.56
221,22,MAEP901211MGTCNA73,2,0:38:00,Cliente0221,7,tarjeta,8.83
222,95,CRFB880126FPLUEA78,3,0:20:00,Cliente0222,10,efectivo,4.24
223,70,PRGL701222FMCIII62,4,0:50:00,Cliente0223,5,tarjeta,6.96
224,36,COBI760520MASPAN90,5,0:44:00,Cliente0224,8,efectivo,7.32
225,52,FAJJ841022MBSLAU69,6,0:03:00,Cliente0225,10,tarjeta,4.4
226,7,LEBC850828PSPTLO16,7,0:57:00,Cliente0226,7,efectivo,2.1
227,14,RYHB770516PCCAEE69,8,0:24:00,Cliente0227,10,tarjeta,8.06
228,71,GHCF761019BMCEHI76,9,0:17:00,Cliente0228,4,efectivo,3.1
229,82,HINA980519MOCNAD56,10,0:10:00,Cliente0229,7,tarjeta,3.19
230,6,STHR841219FTLAAA64,11,0:21:00,Cliente0230,9,efectivo,4.73
231,92,CRDW760222FBSIEA91,12,0:28:00,Cliente0231,10,tarjeta,6.38
232,59,SHCJ990110FCHAAU13,13,0:37:00,Cliente0232,7,efectivo,8.36
233,64,HERS800926FCHBUT83,14,0:15:00,Cliente0233,6,tarjeta,5.32
234,99,TACM870706MVZNRA14,15,0:49:00,Cliente0234,6,efectivo,4.74
235,53,GELG970223FGTIEL29,16,0:55:00,Cliente0235,10,tarjeta,2.2
236,5,BUBM970516FOCMRE84,17,0:33:00,Cliente0236,2,efectivo,2.12
237,44,PASR941118MDFCTO81,18,0:24:00,Cliente0237,10,tarjeta,3.64
238,2,DABR930520MPLRIA38,19,0:13:00,Cliente0238,4,efectivo,4.68
239,37,MCAO920101FHGCCL03,20,0:51:00,Cliente0239,9,tarjeta,8.02
240,53,DETE720227MMCDRP41,1,0:35:00,Cliente0240,1,efectivo,5.52
241,52,DABR930520MPLRIA38,2,0:35:00,Cliente0241,3,tarjeta,9.75
242,53,THFT841224MQROII59,3,0:36:00,Cliente0242,8,efectivo,5.31
243,4,NEAG970216FMSWBR17,4,0:30:00,Cliente0243,8,tarjeta,9.93
244,51,TRPL890731GDFUEA46,5,0:45:00,Cliente0244,2,efectivo,6.4
245,24,ALMA830409MSRMAL39,6,0:30:00,Cliente0245,5,tarjeta,1.47
246,59,THFT841224MQROII59,7,0:35:00,Cliente0246,5,efectivo,9.61
247,92,REMV970310MYNVOA05,8,0:07:00,Cliente0247,3,tarjeta,1.35
248,1,HERS800926FCHBUT83,9,0:29:00,Cliente0248,10,efectivo,7.75
249,49,CACA880301FCHMRU20,10,0:47:00,Cliente0249,10,tarjeta,9.4
250,41,DAJR941016MDGLIA11,11,0:40:00,Cliente0250,5,efectivo,4.54
251,31,GIHN980222MCMLAI09,12,0:25:00,Cliente0251,3,tarjeta,9.81
252,52,DABR930520MPLRIA38,13,0:02:00,Cliente0252,5,efectivo,8.84
253,83,DACK761125FBSRUI38,14,0:44:00,Cliente0253,1,tarjeta,3.5
254,65,KRSH740910NOCYIO87,15,0:02:00,Cliente0254,2,efectivo,2.67
255,63,MASA790911FCLXEU22,16,0:52:00,Cliente0255,7,tarjeta,9.5
256,20,SAMC711103FGTWEH64,17,0:24:00,Cliente0256,10,efectivo,5.82
257,21,ROSE760109MASWUR22,18,0:30:00,Cliente0257,9,tarjeta,4.46
258,44,ROSE760109MASWUR22,19,0:14:00,Cliente0258,6,efectivo,8.07
259,25,PAME910207FSLWCN51,20,0:09:00,Cliente0259,6,tarjeta,4.24
260,24,DETE720227MMCDRP41,1,0:28:00,Cliente0260,3,efectivo,6.2
261,24,MABP780714MMNFRA82,2,0:28:00,Cliente0261,3,tarjeta,8.01
262,79,MASA790911FCLXEU22,3,0:50:00,Cliente0262,8,efectivo,9.85
263,96,DISG740707FSLLWW28,4,0:00:00,Cliente0263,5,tarjeta,6.0
264,79,DISG740707FSLLWW28,5,0:53:00,Cliente0264,4,efectivo,7.44
265,87,CHML890621FMSAEU73,6,0:05:00,Cliente0265,6,tarjeta,4.58
266,16,FAJJ841022MBSLAU69,7,0:13:00,Cliente0266,5,efectivo,9.4
267,13,CHML890621FMSAEU73,8,0:26:00,Cliente0267,1,tarjeta,5.14
268,47,HUVR861220MTCGEO09,9,0:34:00,Cliente0268,10,efectivo,8.16
269,60,COBI760520MASPAN90,10,0:33:00,Cliente0269,9,tarjeta,1.96
270,14,VASM801119AHGNLA39,11,0:56:00,Cliente0270,4,efectivo,1.3
271,86,CHGR981221MMSERU84,12,0:47:00,Cliente0271,6,tarjeta,3.38
272,92,HERS800926FCHBUT83,13,0:44:00,Cliente0272,8,efectivo,4.35
273,38,BEWB981224FPLLOA85,14,0:01:00,Cliente0273,4,tarjeta,8.01
274,53,OSKC980330BYNOUO94,15,0:57:00,Cliente0274,7,efectivo,1.63
275,56,HERS800926FCHBUT83,16,0:09:00,Cliente0275,8,tarjeta,4.96
276,21,MACK750122MCLCRI37,17,0:04:00,Cliente0276,6,efectivo,1.26
277,82,MABP780714MMNFRA82,18,0:28:00,Cliente0277,6,tarjeta,2.78
278,12,HERS800926FCHBUT83,19,0:55:00,Cliente0278,9,efectivo,4.6
279,96,MCAO920101FHGCCL03,20,0:32:00,Cliente0279,7,tarjeta,1.07
280,56,MUOS760923MNTNPI24,1,0:29:00,Cliente0280,5,efectivo,8.84
281,87,CHML890621FMSAEU73,2,0:50:00,Cliente0281,5,tarjeta,5.91
282,16,CACH800731MMSZLE85,3,0:45:00,Cliente0282,5,efectivo,4.98
283,28,SHSS960626FGRECI13,4,0:09:00,Cliente0283,4,tarjeta,3.59
284,56,GAVF891225FTSDIR46,5,0:53:00,Cliente0284,4,efectivo,1.6
285,26,BEWB981224FPLLOA85,6,0:40:00,Cliente0285,8,tarjeta,9.38
286,62,MAWA931112FCHRAB49,7,0:53:00,Cliente0286,1,efectivo,5.18
287,91,AYBK761021GPLCRA42,8,0:03:00,Cliente0287,7,tarjeta,1.47
288,62,CRPA890528MPLAHU58,9,0:44:00,Cliente0288,2,efectivo,1.93
289,54,THFT841224MQROII59,10,0:06:00,Cliente0289,3,tarjeta,7.04
290,72,GAVF891225FTSDIR46,11,0:29:00,Cliente0290,8,efectivo,9.38
291,73,CHRH921025MTLEOA42,12,0:52:00,Cliente0291,3,tarjeta,8.59
292,36,CRPA890528MPLAHU58,13,0:20:00,Cliente0292,3,efectivo,2.57
293,46,STHR841219FTLAAA64,14,0:08:00,Cliente0293,8,tarjeta,2.56
294,97,NEAG970216FMSWBR17,15,0:06:00,Cliente0294,10,efectivo,5.76
295,66,DOEB820928MDFMNE22,16,0:37:00,Cliente0295,8,tarjeta,8.55
296,6,DRKR870309MTCOIO34,17,0:38:00,Cliente0296,2,efectivo,3.27
297,52,DABR930520MPLRIA38,18,0:18:00,Cliente0297,8,tarjeta,2.96
298,47,BRBL860509FJCOAY25,19,0:41:00,Cliente0298,4,efectivo,8.01
299,5,VAJJ860909FJCSIA20,20,0:20:00,Cliente0299,2,tarjeta,1.63
300,76,GIHN980222MCMLAI09,1,0:43:00,Cliente0300,7,efectivo,10.0
301,12,GHCF761019BMCEHI76,2,0:13:00,Cliente0301,3,tarjeta,4.08
302,25,HABA820225FTLRIL45,3,0:18:00,Cliente0302,5,efectivo,3.28
303,67,CUCL990924MASRHA62,4,0:05:00,Cliente0303,1,tarjeta,2.99
304,63,VASM801119AHGNLA39,5,0:39:00,Cliente0304,10,efectivo,8.6
305,28,KLAL900916FDGEIE04,6,0:48:00,Cliente0305,4,tarjeta,1.03
306,33,GHCF761019BMCEHI76,7,0:37:00,Cliente0306,6,efectivo,4.36
307,95,INTL800217FSLKIE81,8,0:47:00,Cliente0307,7,tarjeta,9.6
308,30,COBI760520MASPAN90,9,0:39:00,Cliente0308,10,efectivo,8.79
309,50,LIMD721115MJCMIO09,10,0:56:00,Cliente0309,7,tarjeta,8.82
310,18,ARWJ970404MQTROO60,11,0:23:00,Cliente0310,6,efectivo,4.42
311,13,WHGD870116FVZAUA72,12,0:26:00,Cliente0311,5,tarjeta,5.71
312,30,KEEC990619MQTHDO55,13,0:30:00,Cliente0312,4,efectivo,2.16
313,31,DOEB820928MDFMNE22,14,0:07:00,Cliente0313,3,tarjeta,9.97
314,49,ALMA830409MSRMAL39,15,0:37:00,Cliente0314,9,efectivo,7.39
315,70,GIHN980222MCMLAI09,16,0:42:00,Cliente0315,9,tarjeta,8.55
316,12,KABH790308MBSROA03,17,0:01:00,Cliente0316,1,efectivo,9.18
317,99,LIMD721115MJCMIO09,18,0:18:00,Cliente0317,10,tarjeta,5.64
318,34,FAIG991004MSPRTE27,19,0:44:00,Cliente0318,7,efectivo,1.09
319,20,ROSE760109MASWUR22,20,0:36:00,Cliente0319,6,tarjeta,9.01
320,78,BRBL860509FJCOAY25,1,0:20:00,Cliente0320,5,efectivo,4.1
321,25,NOGE840522MTCRRV12,2,0:15:00,Cliente0321,4,tarjeta,9.6
322,79,SPBH830615MASEEE39,3,0:22:00,Cliente0322,8,efectivo,7.34
323,62,GELG970223FGTIEL29,4,0:01:00,Cliente0323,10,tarjeta,6.73
324,65,GHCF761019BMCEHI76,5,0:11:00,Cliente0324,7,efectivo,4.28
325,34,RYHB770516PCCAEE69,6,0:59:00,Cliente0325,10,tarjeta,4.44
326,74,AYBK761021GPLCRA42,7,0:20:00,Cliente0326,4,efectivo,5.48
327,84,COMM900506FTSCOA03,8,0:34:00,Cliente0327,2,tarjeta,6.3
328,35,DUUS830112FTSIRT54,9,0:11:00,Cliente0328,7,efectivo,8.85
329,6,AYBK761021GPLCRA42,10,0:17:00,Cliente0329,10,tarjeta,3.68
330,99,DOBL850516BQRNOI91,11,0:17:00,Cliente0330,10,efectivo,2.14
331,73,MCCS951214FNLCHH80,12,0:01:00,Cliente0331,1,tarjeta,1.07
332,9,FESJ871216MBCRHE05,13,0:14:00,Cliente0332,8,efectivo,5.81
333,80,COHJ760326MDFSUU07,14,0:01:00,Cliente0333,9,tarjeta,5.25
334,83,CHML890621FMSAEU73,15,0:31:00,Cliente0334,10,efectivo,5.96
335,20,FAJJ841022MBSLAU69,16,0:24:00,Cliente0335,5,tarjeta,6.91
336,72,THFT841224MQROII59,17,0:02:00,Cliente0336,6,efectivo,5.58
337,4,COGD820217MOCTRO55,18,0:21:00,Cliente0337,8,tarjeta,3.75
338,72,CUCL990924MASRHA62,19,0:44:00,Cliente0338,10,efectivo,6.37
339,74,STWL800319GMCUAO28,20,0:17:00,Cliente0339,2,tarjeta,5.52
340,38,SHSS960626FGRECI13,1,0:14:00,Cliente0340,1,efectivo,4.67
341,93,MACK750122MCLCRI37,2,0:12:00,Cliente0341,3,tarjeta,8.16
342,65,GHCF761019BMCEHI76,3,0:48:00,Cliente0342,1,efectivo,8.37
343,65,DOBL850516BQRNOI91,4,0:27:00,Cliente0343,9,tarjeta,3.01
344,89,STHR841219FTLAAA64,5,0:56:00,Cliente0344,5,efectivo,5.37
345,29,INTL800217FSLKIE81,6,0:07:00,Cliente0345,5,tarjeta,9.38
346,36,MACK750122MCLCRI37,7,0:30:00,Cliente0346,1,efectivo,1.72
347,57,THFT841224MQROII59,8,0:52:00,Cliente0347,8,tarjeta,2.12
348,93,SMDH870821NDFAUA60,9,0:39:00,Cliente0348,9,efectivo,3.79
349,16,MAEP901211MGTCNA73,10,0:21:00,Cliente0349,4,tarjeta,3.98
350,85,HEMD820611MGTAEU67,11,0:33:00,Cliente0350,3,efectivo,8.1
351,42,REMV970310MYNVOA05,12,0:29:00,Cliente0351,5,tarjeta,7.69
352,29,KEEC990619MQTHDO55,13,0:57:00,Cliente0352,10,efectivo,5.35
353,24,CRDW760222FBSIEA91,14,0:00:00,Cliente0353,2,tarjeta,2.15
354,98,GIHN980222MCMLAI09,15,0:08:00,Cliente0354,7,efectivo,4.96
355,42,DABR930520MPLRIA38,16,0:50:00,Cliente0355,1,tarjeta,6.01
356,16,DOEB820928MDFMNE22,17,0:34:00,Cliente0356,5,efectivo,4.23
357,76,DOEB820928MDFMNE22,18,0:23:00,Cliente0357,3,tarjeta,4.68
358,50,SHCJ990110FCHAAU13,19,0:12:00,Cliente0358,2,efectivo,7.3
359,26,OSKC980330BYNOUO94,20,0:01:00,Cliente0359,5,tarjeta,8.73
360,32,VAPC920826MPLRUO86,1,0:23:00,Cliente0360,10,efectivo,4.11
361,29,BEWB981224FPLLOA85,2,0:04:00,Cliente0361,8,tarjeta,9.55
362,13,CRPA890528MPLAHU58,3,0:31:00,Cliente0362,1,efectivo,8.27
363,76,DRKR870309MTCOIO34,4,0:44:00,Cliente0363,1,tarjeta,1.87
364,56,DETE720227MMCDRP41,5,0:59:00,Cliente0364,9,efectivo,7.29
365,41,SMDH870821NDFAUA60,6,0:45:00,Cliente0365,1,tarjeta,3.0
366,85,LEBC850828PSPTLO16,7,0:27:00,Cliente0366,8,efectivo,2.1
367,26,MUOS760923MNTNPI24,8,0:45:00,Cliente0367,3,tarjeta,1.2
368,70,LIMD721115MJCMIO09,9,0:10:00,Cliente0368,3,efectivo,8.91
369,51,MUOS760923MNTNPI24,10,0:45:00,Cliente0369,8,tarjeta,1.76
370,23,GIWG820104FNLLAE76,11,0:49:00,Cliente0370,3,efectivo,1.4
371,43,CHRH921025MTLEOA42,12,0:59:00,Cliente0371,10,tarjeta,3.89
372,69,PASR941118MDFCTO81,13,0:39:00,Cliente0372,8,efectivo,6.43
373,3,EBHL720222MCLBAA97,14,0:28:00,Cliente0373,5,tarjeta,4.81
374,19,EBHL720222MCLBAA97,15,0:42:00,Cliente0374,3,efectivo,3.9
375,45,KNBK960914FASOOA45,16,0:09:00,Cliente0375,8,tarjeta,4.48
376,79,GHCF761019BMCEHI76,17,0:57:00,Cliente0376,9,efectivo,9.38
377,15,LEBC850828PSPTLO16,18,0:38:00,Cliente0377,8,tarjeta,2.43
378,15,GLGL840412FNLAOO81,19,0:30:00,Cliente0378,8,efectivo,9.83
379,74,VEMC760926FQRNAA13,20,0:45:00,Cliente0379,10,tarjeta,9.47
380,3,BETL920711FDGRWA64,1,0:05:00,Cliente0380,3,efectivo,1.41
381,60,ROSE760109MASWUR22,2,0:21:00,Cliente0381,1,tarjeta,7.83
382,82,DUUS830112FTSIRT54,3,0:49:00,Cliente0382,7,efectivo,7.71
383,55,PRGL701222FMCIII62,4,0:02:00,Cliente0383,5,tarjeta,4.33
384,50,HUPF751231FCMNAE48,5,0:44:00,Cliente0384,6,efectivo,1.9
385,22,LEBC850828PSPTLO16,6,0:00:00,Cliente0385,7,tarjeta,1.11
386,4,DABR930520MPLRIA38,7,0:59:00,Cliente0386,5,efectivo,8.95
387,89,MABP780714MMNFRA82,8,0:08:00,Cliente0387,1,tarjeta,1.37
388,77,SHSS960626FGRECI13,9,0:49:00,Cliente0388,10,efectivo,1.97
389,69,MUOS760923MNTNPI24,10,0:23:00,Cliente0389,8,tarjeta,7.59
390,90,HINA980519MOCNAD56,11,0:28:00,Cliente0390,3,efectivo,8.76
391,7,KABH790308MBSROA03,12,0:19:00,Cliente0391,3,tarjeta,8.55
392,14,SHCJ990110FCHAAU13,13,0:06:00,Cliente0392,8,efectivo,3.19
393,94,COBI760520MASPAN90,14,0:29:00,Cliente0393,7,tarjeta,4.89
394,53,GAVF891225FTSDIR46,15,0:50:00,Cliente0394,4,efectivo,9.85
395,11,COMM900506FTSCOA03,16,0:13:00,Cliente0395,8,tarjeta,4.94
396,61,GIWG820104FNLLAE76,17,0:58:00,Cliente0396,8,efectivo,7.65
397,19,PACA700821FGTULN20,18,0:01:00,Cliente0397,3,tarjeta,3.76
398,19,GIHN980222MCMLAI09,19,0:33:00,Cliente0398,2,efectivo,9.17
399,45,GELG970223FGTIEL29,20,0:39:00,Cliente0399,1,tarjeta,9.57
400,55,CEPY851026FNTSRO85,1,0:05:00,Cliente0400,3,efectivo,1.0
401,11,GIWG820104FNLLAE76,2,0:18:00,Cliente0401,7,tarjeta,5.95
402,6,VEEH800225MCSRRU48,3,0:28:00,Cliente0402,1,efectivo,1.25
403,77,THFT841224MQROII59,4,0:18:00,Cliente0403,7,tarjeta,8.33
404,30,DOEB820928MDFMNE22,5,0:40:00,Cliente0404,3,efectivo,8.3
405,30,GAVF891225FTSDIR46,6,0:20:00,Cliente0405,10,tarjeta,1.33
406,46,SMDH870821NDFAUA60,7,0:33:00,Cliente0406,3,efectivo,5.1
407,90,WHGD870116FVZAUA72,8,0:15:00,Cliente0407,7,tarjeta,3.56
408,41,VAJJ860909FJCSIA20,9,0:04:00,Cliente0408,7,efectivo,7.83
409,20,BUBM970516FOCMRE84,10,0:41:00,Cliente0409,2,tarjeta,9.76
410,52,KEEC990619MQTHDO55,11,0:00:00,Cliente0410,10,efectivo,8.8
411,68,VAPC920826MPLRUO86,12,0:52:00,Cliente0411,10,tarjeta,2.54
412,1,DAJR941016MDGLIA11,13,0:28:00,Cliente0412,2,efectivo,5.6
413,18,VASM801119AHGNLA39,14,0:18:00,Cliente0413,7,tarjeta,4.82
414,90,DUUS830112FTSIRT54,15,0:14:00,Cliente0414,6,efectivo,2.2
415,70,DOEB820928MDFMNE22,16,0:35:00,Cliente0415,4,tarjeta,7.67
416,42,LIMD721115MJCMIO09,17,0:31:00,Cliente0416,9,efectivo,9.74
417,91,CACH800731MMSZLE85,18,0:50:00,Cliente0417,5,tarjeta,5.22
418,95,TACM870706MVZNRA14,19,0:14:00,Cliente0418,10,efectivo,3.36
419,55,DABR930520MPLRIA38,20,0:08:00,Cliente0419,10,tarjeta,3.23
420,31,STWL800319GMCUAO28,1,0:26:00,Cliente0420,10,efectivo,6.16
421,92,ROSE760109MASWUR22,2,0:46:00,Cliente0421,1,tarjeta,6.13
422,1,THFT841224MQROII59,3,0:15:00,Cliente0422,8,efectivo,9.02
423,31,VASM801119AHGNLA39,4,0:09:00,Cliente0423,2,tarjeta,1.25
424,24,GIWG820104FNLLAE76,5,0:24:00,Cliente0424,4,efectivo,9.51
425,58,VAJJ860909FJCSIA20,6,0:47:00,Cliente0425,5,tarjeta,4.28
426,84,MUOS760923MNTNPI24,7,0:50:00,Cliente0426,8,efectivo,4.18
427,38,PUOL940815MCHDNA54,8,0:49:00,Cliente0427,7,tarjeta,1.44
428,37,RYHB770516PCCAEE69,9,0:36:00,Cliente0428,3,efectivo,9.29
429,36,DETE720227MMCDRP41,10,0:37:00,Cliente0429,3,tarjeta,5.22
430,22,TACM870706MVZNRA14,11,0:42:00,Cliente0430,6,efectivo,1.36
431,45,DACK761125FBSRUI38,12,0:59:00,Cliente0431,4,tarjeta,2.9
432,21,FESJ871216MBCRHE05,13,0:48:00,Cliente0432,6,efectivo,2.57
433,32,GLGL840412FNLAOO81,14,0:17:00,Cliente0433,8,tarjeta,9.25
434,45,HEMD820611MGTAEU67,15,0:53:00,Cliente0434,5,efectivo,4.77
435,79,HUVR861220MTCGEO09,16,0:29:00,Cliente0435,8,tarjeta,3.24
436,74,CHGR981221MMSERU84,17,0:32:00,Cliente0436,9,efectivo,2.03
437,41,PIGO910404FMNDED41,18,0:09:00,Cliente0437,7,tarjeta,1.96
438,63,CHGR981221MMSERU84,19,0:56:00,Cliente0438,6,efectivo,8.18
439,3,SMDH870821NDFAUA60,20,0:46:00,Cliente0439,6,tarjeta,3.22
440,2,TACM870706MVZNRA14,1,0:32:00,Cliente0440,4,efectivo,4.22
441,50,FAIG991004MSPRTE27,2,0:00:00,Cliente0441,3,tarjeta,5.98
442,78,GIWG820104FNLLAE76,3,0:17:00,Cliente0442,4,efectivo,9.07
443,72,MCCS951214FNLCHH80,4,0:48:00,Cliente0443,8,tarjeta,5.55
444,85,WHGD870116FVZAUA72,5,0:09:00,Cliente0444,9,efectivo,3.89
445,47,DRKR870309MTCOIO34,6,0:31:00,Cliente0445,5,tarjeta,6.84
446,70,FAIG991004MSPRTE27,7,0:22:00,Cliente0446,4,efectivo,5.91
447,99,PASR941118MDFCTO81,8,0:22:00,Cliente0447,8,tarjeta,3.45
448,80,HABA820225FTLRIL45,9,0:19:00,Cliente0448,4,efectivo,1.34
449,57,MACK750122MCLCRI37,10,0:31:00,Cliente0449,6,tarjeta,3.68
450,95,COHJ760326MDFSUU07,11,0:07:00,Cliente0450,3,efectivo,5.67
451,20,REMV970310MYNVOA05,12,0:42:00,Cliente0451,8,tarjeta,6.05
452,66,PRGL701222FMCIII62,13,0:16:00,Cliente0452,10,efectivo,4.71
453,16,FAIG991004MSPRTE27,14,0:42:00,Cliente0453,10,tarjeta,4.5
454,69,KEEC990619MQTHDO55,15,0:53:00,Cliente0454,2,efectivo,8.73
455,54,BUBM970516FOCMRE84,16,0:58:00,Cliente0455,3,tarjeta,8.3
456,79,DACK761125FBSRUI38,17,0:47:00,Cliente0456,2,efectivo,4.71
457,79,LEBC850828PSPTLO16,18,0:19:00,Cliente0457,9,tarjeta,3.44
458,57,VEMC760926FQRNAA13,19,0:28:00,Cliente0458,3,efectivo,2.77
459,39,DETE720227MMCDRP41,20,0:25:00,Cliente0459,4,tarjeta,1.84
460,8,SPBH830615MASEEE39,1,0:31:00,Cliente0460,5,efectivo,2.74
461,53,MUOS760923MNTNPI24,2,0:57:00,Cliente0461,7,tarjeta,7.77
462,79,VAPC920826MPLRUO86,3,0:49:00,Cliente0462,1,efectivo,1.31
463,85,HERS800926FCHBUT83,4,0:38:00,Cliente0463,9,tarjeta,8.32
464,11,KNBK960914FASOOA45,5,0:53:00,Cliente0464,8,efectivo,7.8
465,46,GADA911027FHGSIG96,6,0:15:00,Cliente0465,8,tarjeta,2.15
466,56,NEAG970216FMSWBR17,7,0:14:00,Cliente0466,10,efectivo,7.66
467,16,CUCL990924MASRHA62,8,0:13:00,Cliente0467,8,tarjeta,4.41
468,69,CHRH921025MTLEOA42,9,0:52:00,Cliente0468,8,efectivo,5.68
469,88,CRPA890528MPLAHU58,10,0:28:00,Cliente0469,9,tarjeta,8.33
470,32,DUUS830112FTSIRT54,11,0:20:00,Cliente0470,1,efectivo,7.92
471,50,GOFM961107FTCTUO54,12,0:03:00,Cliente0471,6,tarjeta,5.76
472,5,CEPY851026FNTSRO85,13,0:38:00,Cliente0472,8,efectivo,5.76
473,63,MABP780714MMNFRA82,14,0:25:00,Cliente0473,1,tarjeta,9.05
474,70,RYHB770516PCCAEE69,15,0:55:00,Cliente0474,8,efectivo,9.65
475,59,CHGR981221MMSERU84,16,0:57:00,Cliente0475,6,tarjeta,1.2
476,34,RYHB770516PCCAEE69,17,0:55:00,Cliente0476,9,efectivo,7.59
477,53,MUOS760923MNTNPI24,18,0:11:00,Cliente0477,8,tarjeta,7.84
478,88,MASA790911FCLXEU22,19,0:10:00,Cliente0478,1,efectivo,2.18
479,68,STHR841219FTLAAA64,20,0:27:00,Cliente0479,5,tarjeta,2.39
480,97,GIHN980222MCMLAI09,1,0:35:00,Cliente0480,3,efectivo,9.07
481,29,GLGL840412FNLAOO81,2,0:17:00,Cliente0481,3,tarjeta,4.47
482,4,BEWB981224FPLLOA85,3,0:11:00,Cliente0482,7,efectivo,6.34
483,10,INTL800217FSLKIE81,4,0:16:00,Cliente0483,3,tarjeta,5.61
484,10,MACK750122MCLCRI37,5,0:30:00,Cliente0484,6,efectivo,4.26
485,42,DOBL850516BQRNOI91,6,0:20:00,Cliente0485,4,tarjeta,9.66
486,74,DAJR941016MDGLIA11,7,0:03:00,Cliente0486,3,efectivo,5.92
487,19,CRFB880126FPLUEA78,8,0:56:00,Cliente0487,3,tarjeta,4.08
488,54,SMDH870821NDFAUA60,9,0:29:00,Cliente0488,2,efectivo,7.78
489,20,GADA911027FHGSIG96,10,0:50:00,Cliente0489,8,tarjeta,4.91
490,72,HERS800926FCHBUT83,11,0:28:00,Cliente0490,5,efectivo,5.8
491,46,OSKC980330BYNOUO94,12,0:36:00,Cliente0491,2,tarjeta,4.1
492,10,KEEC990619MQTHDO55,13,0:14:00,Cliente0492,3,efectivo,8.67
493,84,KLAL900916FDGEIE04,14,0:51:00,Cliente0493,4,tarjeta,9.86
494,90,KABH790308MBSROA03,15,0:04:00,Cliente0494,10,efectivo,7.8
495,42,SHSS960626FGRECI13,16,0:26:00,Cliente0495,2,tarjeta,3.8
496,67,COGD820217MOCTRO55,17,0:42:00,Cliente0496,2,efectivo,2.84
497,12,COGD820217MOCTRO55,18,0:50:00,Cliente0497,10,tarjeta,4.64
498,68,GADA911027FHGSIG96,19,0:20:00,Cliente0498,9,efectivo,2.39
499,93,SPBH830615MASEEE39,20,0:13:00,Cliente0499,4,tarjeta,9.79
500,71,REMV970310MYNVOA05,1,0:55:00,Cliente0500,9,efectivo,5.34
501,14,OSKC980330BYNOUO94,2,0:06:00,Cliente0501,2,tarjeta,7.32
502,34,PIGO910404FMNDED41,3,0:12:00,Cliente0502,4,efectivo,7.92
503,11,MCCS951214FNLCHH80,4,0:04:00,Cliente0503,1,tarjeta,1.98
504,37,GAVF891225FTSDIR46,5,0:33:00,Cliente0504,10,efectivo,3.13
505,79,KRSH740910NOCYIO87,6,0:17:00,Cliente0505,8,tarjeta,9.05
506,96,GIWG820104FNLLAE76,7,0:03:00,Cliente0506,10,efectivo,1.42
507,34,HUVR861220MTCGEO09,8,0:18:00,Cliente0507,1,tarjeta,7.54
508,95,FAIG991004MSPRTE27,9,0:10:00,Cliente0508,3,efectivo,1.19
509,67,DOBL850516BQRNOI91,10,0:23:00,Cliente0509,9,tarjeta,7.65
510,67,AYBK761021GPLCRA42,11,0:52:00,Cliente0510,3,efectivo,6.07
511,56,MAWA931112FCHRAB49,12,0:23:00,Cliente0511,6,tarjeta,7.75
512,19,SPBH830615MASEEE39,13,0:51:00,Cliente0512,7,efectivo,3.45
513,53,KNBK960914FASOOA45,14,0:43:00,Cliente0513,6,tarjeta,2.36
514,24,DACK761125FBSRUI38,15,0:22:00,Cliente0514,3,efectivo,6.32
515,71,SHCJ990110FCHAAU13,16,0:03:00,Cliente0515,6,tarjeta,3.94
516,33,KEEC990619MQTHDO55,17,0:51:00,Cliente0516,5,efectivo,6.09
517,3,CHML890621FMSAEU73,18,0:48:00,Cliente0517,10,tarjeta,9.72
518,54,MCAO920101FHGCCL03,19,0:24:00,Cliente0518,3,efectivo,3.74
519,24,BUBM970516FOCMRE84,20,0:08:00,Cliente0519,4,tarjeta,4.61
520,65,HUVR861220MTCGEO09,1,0:54:00,Cliente0520,1,efectivo,1.08
521,65,WHGD870116FVZAUA72,2,0:51:00,Cliente0521,3,tarjeta,5.77
522,60,KNBK960914FASOOA45,3,0:07:00,Cliente0522,3,efectivo,2.92
523,50,MABP780714MMNFRA82,4,0:33:00,Cliente0523,1,tarjeta,4.58
524,99,CACA880301FCHMRU20,5,0:16:00,Cliente0524,5,efectivo,8.33
525,58,CRDW760222FBSIEA91,6,0:30:00,Cliente0525,4,tarjeta,2.12
526,68,ROSE760109MASWUR22,7,0:11:00,Cliente0526,2,efectivo,2.56
527,41,MCCS951214FNLCHH80,8,0:46:00,Cliente0527,4,tarjeta,3.47
528,78,RYHB770516PCCAEE69,9,0:39:00,Cliente0528,8,efectivo,9.96
529,87,LEBC850828PSPTLO16,10,0:34:00,Cliente0529,3,tarjeta,8.58
530,21,FAIG991004MSPRTE27,11,0:45:00,Cliente0530,2,efectivo,5.22
531,40,DACK761125FBSRUI38,12,0:33:00,Cliente0531,4,tarjeta,6.65
532,23,HINA980519MOCNAD56,13,0:48:00,Cliente0532,5,efectivo,6.59
533,37,VASM801119AHGNLA39,14,0:31:00,Cliente0533,3,tarjeta,5.57
534,58,DUUS830112FTSIRT54,15,0:28:00,Cliente0534,6,efectivo,1.83
535,9,GAVF891225FTSDIR46,16,0:03:00,Cliente0535,5,tarjeta,9.2
536,52,PRGL701222FMCIII62,17,0:47:00,Cliente0536,4,efectivo,6.28
537,71,FAJJ841022MBSLAU69,18,0:23:00,Cliente0537,5,tarjeta,9.14
538,57,GIWG820104FNLLAE76,19,0:13:00,Cliente0538,9,efectivo,5.12
539,90,KABH790308MBSROA03,20,0:16:00,Cliente0539,4,tarjeta,2.09
540,13,BABG810617FHGUIA28,1,0:40:00,Cliente0540,10,efectivo,3.15
541,81,LOSK880201ATLUAA99,2,0:05:00,Cliente0541,6,tarjeta,8.85
542,88,SHCJ990110FCHAAU13,3,0:39:00,Cliente0542,6,efectivo,8.19
543,71,HUVR861220MTCGEO09,4,0:02:00,Cliente0543,7,tarjeta,4.59
544,74,FAIG991004MSPRTE27,5,0:29:00,Cliente0544,4,efectivo,6.12
545,62,VAJJ860909FJCSIA20,6,0:30:00,Cliente0545,6,tarjeta,7.82
546,72,GIHN980222MCMLAI09,7,0:27:00,Cliente0546,7,efectivo,7.36
547,72,HERS800926FCHBUT83,8,0:48:00,Cliente0547,1,tarjeta,9.31
548,73,LIMD721115MJCMIO09,9,0:50:00,Cliente0548,4,efectivo,4.68
549,12,REMV970310MYNVOA05,10,0:18:00,Cliente0549,5,tarjeta,1.27
550,72,CRFB880126FPLUEA78,11,0:56:00,Cliente0550,5,efectivo,2.56
551,7,PRGL701222FMCIII62,12,0:00:00,Cliente0551,2,tarjeta,1.04
552,89,KUWS910402NNLBEI94,13,0:35:00,Cliente0552,10,efectivo,9.88
553,38,PUOL940815MCHDNA54,14,0:15:00,Cliente0553,8,tarjeta,3.6
554,71,GELG970223FGTIEL29,15,0:26:00,Cliente0554,5,efectivo,3.14
555,87,CHGR981221MMSERU84,16,0:22:00,Cliente0555,5,tarjeta,9.59
556,8,WHGD870116FVZAUA72,17,0:31:00,Cliente0556,7,efectivo,4.32
557,35,MCCS951214FNLCHH80,18,0:19:00,Cliente0557,1,tarjeta,1.05
558,33,CHGR981221MMSERU84,19,0:10:00,Cliente0558,2,efectivo,2.08
559,64,PAAC920419FGTTVO87,20,0:06:00,Cliente0559,4,tarjeta,5.0
560,42,HINA980519MOCNAD56,1,0:38:00,Cliente0560,1,efectivo,3.7
561,22,KLAL900916FDGEIE04,2,0:57:00,Cliente0561,7,tarjeta,7.17
562,36,PACA700821FGTULN20,3,0:12:00,Cliente0562,9,efectivo,8.54
563,86,DACK761125FBSRUI38,4,0:06:00,Cliente0563,8,tarjeta,8.44
564,52,WHGD870116FVZAUA72,5,0:52:00,Cliente0564,3,efectivo,1.84
565,60,KNBK960914FASOOA45,6,0:22:00,Cliente0565,2,tarjeta,6.32
566,34,INTL800217FSLKIE81,7,0:44:00,Cliente0566,8,efectivo,3.14
567,48,SHCJ990110FCHAAU13,8,0:23:00,Cliente0567,7,tarjeta,4.52
568,16,THFT841224MQROII59,9,0:10:00,Cliente0568,4,efectivo,6.85
569,10,DOBL850516BQRNOI91,10,0:48:00,Cliente0569,3,tarjeta,3.32
570,28,FAIG991004MSPRTE27,11,0:57:00,Cliente0570,7,efectivo,9.56
571,94,GIWG820104FNLLAE76,12,0:06:00,Cliente0571,3,tarjeta,8.55
572,61,HABA820225FTLRIL45,13,0:16:00,Cliente0572,5,efectivo,8.58
573,44,KABH790308MBSROA03,14,0:50:00,Cliente0573,8,tarjeta,1.76
574,12,VASM801119AHGNLA39,15,0:23:00,Cliente0574,4,efectivo,5.31
575,64,MCCS951214FNLCHH80,16,0:08:00,Cliente0575,7,tarjeta,3.48
576,18,VEEH800225MCSRRU48,17,0:10:00,Cliente0576,10,efectivo,6.61
577,36,KLAL900916FDGEIE04,18,0:12:00,Cliente0577,5,tarjeta,6.27
578,1,BABG810617FHGUIA28,19,0:12:00,Cliente0578,3,efectivo,2.99
579,73,HUVR861220MTCGEO09,20,0:22:00,Cliente0579,4,tarjeta,2.74
580,59,HUVR861220MTCGEO09,1,0:41:00,Cliente0580,3,efectivo,9.66
581,25,CHML890621FMSAEU73,2,0:10:00,Cliente0581,6,tarjeta,9.76
582,10,MASA790911FCLXEU22,3,0:41:00,Cliente0582,10,efectivo,6.51
583,79,DOBL850516BQRNOI91,4,0:10:00,Cliente0583,2,tarjeta,7.77
584,69,GADA911027FHGSIG96,5,0:57:00,Cliente0584,2,efectivo,5.5
585,82,HABA820225FTLRIL45,6,0:49:00,Cliente0585,6,tarjeta,5.91
586,19,PIGO910404FMNDED41,7,0:08:00,Cliente0586,6,efectivo,2.13
587,21,CACH800731MMSZLE85,8,0:22:00,Cliente0587,2,tarjeta,8.17
588,37,EBHL720222MCLBAA97,9,0:28:00,Cliente0588,5,efectivo,9.0
589,80,MASA790911FCLXEU22,10,0:05:00,Cliente0589,5,tarjeta,5.18
590,24,CUCL990924MASRHA62,11,0:47:00,Cliente0590,5,efectivo,7.95
591,59,BETL920711FDGRWA64,12,0:05:00,Cliente0591,4,tarjeta,4.87
592,16,MCAO920101FHGCCL03,13,0:02:00,Cliente0592,8,efectivo,8.53
593,63,BRBL860509FJCOAY25,14,0:43:00,Cliente0593,10,tarjeta,8.36
594,54,MABP780714MMNFRA82,15,0:05:00,Cliente0594,2,efectivo,3.39
595,28,TRPL890731GDFUEA46,16,0:49:00,Cliente0595,1,tarjeta,1.03
596,67,GOFM961107FTCTUO54,17,0:13:00,Cliente0596,1,efectivo,5.36
597,52,DOBL850516BQRNOI91,18,0:30:00,Cliente0597,5,tarjeta,7.13
598,97,COGD820217MOCTRO55,19,0:30:00,Cliente0598,4,efectivo,6.26
599,74,WHGD870116FVZAUA72,20,0:08:00,Cliente0599,7,tarjeta,4.15
600,82,PUOL940815MCHDNA54,1,0:10:00,Cliente0600,7,efectivo,8.88
601,70,VEMC760926FQRNAA13,2,0:39:00,Cliente0601,4,tarjeta,4.09
602,97,NEAG970216FMSWBR17,3,0:09:00,Cliente0602,5,efectivo,3.89
603,96,CACH800731MMSZLE85,4,0:12:00,Cliente0603,1,tarjeta,7.78
604,38,CHRH921025MTLEOA42,5,0:55:00,Cliente0604,7,efectivo,6.43
605,72,VAPC920826MPLRUO86,6,0:33:00,Cliente0605,6,tarjeta,7.71
606,37,VASM801119AHGNLA39,7,0:11:00,Cliente0606,2,efectivo,8.09
607,90,DABR930520MPLRIA38,8,0:24:00,Cliente0607,10,tarjeta,3.05
608,72,MASA790911FCLXEU22,9,0:48:00,Cliente0608,9,efectivo,9.94
609,4,HINA980519MOCNAD56,10,0:06:00,Cliente0609,6,tarjeta,2.66
610,8,KEEC990619MQTHDO55,11,0:50:00,Cliente0610,10,efectivo,3.75
611,3,PACA700821FGTULN20,12,0:11:00,Cliente0611,10,tarjeta,5.55
612,53,INTL800217FSLKIE81,13,0:18:00,Cliente0612,10,efectivo,3.89
613,53,PASR941118MDFCTO81,14,0:47:00,Cliente0613,10,tarjeta,4.26
614,13,FAIG991004MSPRTE27,15,0:50:00,Cliente0614,1,efectivo,9.35
615,94,KUWS910402NNLBEI94,16,0:54:00,Cliente0615,5,tarjeta,5.88
616,48,PAAC920419FGTTVO87,17,0:17:00,Cliente0616,9,efectivo,1.82
617,32,FESJ871216MBCRHE05,18,0:34:00,Cliente0617,2,tarjeta,9.09
618,84,GIHN980222MCMLAI09,19,0:05:00,Cliente0618,2,efectivo,8.62
619,53,EBHL720222MCLBAA97,20,0:37:00,Cliente0619,1,tarjeta,8.15
620,57,LIMD721115MJCMIO09,1,0:01:00,Cliente0620,10,efectivo,9.44
621,81,MASA790911FCLXEU22,2,0:45:00,Cliente0621,4,tarjeta,7.78
622,14,MAWA931112FCHRAB49,3,0:29:00,Cliente0622,7,efectivo,9.46
623,39,CHRH921025MTLEOA42,4,0:48:00,Cliente0623,8,tarjeta,6.11
624,90,OSKC980330BYNOUO94,5,0:34:00,Cliente0624,7,efectivo,5.01
625,77,DOEB820928MDFMNE22,6,0:03:00,Cliente0625,4,tarjeta,9.81
626,13,AYBK761021GPLCRA42,7,0:09:00,Cliente0626,3,efectivo,2.57
627,67,HINA980519MOCNAD56,8,0:13:00,Cliente0627,3,tarjeta,6.1
628,45,BETL920711FDGRWA64,9,0:13:00,Cliente0628,7,efectivo,1.46
629,23,GLGL840412FNLAOO81,10,0:05:00,Cliente0629,8,tarjeta,6.85
630,20,NOGE840522MTCRRV12,11,0:09:00,Cliente0630,4,efectivo,2.64
631,25,MUOS760923MNTNPI24,12,0:58:00,Cliente0631,8,tarjeta,3.38
632,49,TACM870706MVZNRA14,13,0:13:00,Cliente0632,2,efectivo,6.29
633,74,MABP780714MMNFRA82,14,0:59:00,Cliente0633,6,tarjeta,5.61
634,39,VAJJ860909FJCSIA20,15,0:33:00,Cliente0634,7,efectivo,6.13
635,46,TRPL890731GDFUEA46,16,0:49:00,Cliente0635,3,tarjeta,9.74
636,24,KNBK960914FASOOA45,17,0:04:00,Cliente0636,8,efectivo,6.8
637,39,GIWG820104FNLLAE76,18,0:00:00,Cliente0637,2,tarjeta,8.09
638,60,STWL800319GMCUAO28,19,0:54:00,Cliente0638,8,efectivo,5.89
639,11,DUUS830112FTSIRT54,20,0:29:00,Cliente0639,4,tarjeta,4.3
640,29,CRPA890528MPLAHU58,1,0:25:00,Cliente0640,5,efectivo,2.45
641,91,AYBK761021GPLCRA42,2,0:11:00,Cliente0641,1,tarjeta,6.16
642,86,SAMC711103FGTWEH64,3,0:07:00,Cliente0642,6,efectivo,3.04
643,9,COHJ760326MDFSUU07,4,0:46:00,Cliente0643,10,tarjeta,5.35
644,64,DAJR941016MDGLIA11,5,0:30:00,Cliente0644,1,efectivo,6.27
645,4,MAEP901211MGTCNA73,6,0:27:00,Cliente0645,1,tarjeta,5.39
646,6,GAVF891225FTSDIR46,7,0:47:00,Cliente0646,3,efectivo,1.86
647,54,KNBK960914FASOOA45,8,0:01:00,Cliente0647,4,tarjeta,5.17
648,51,DRKR870309MTCOIO34,9,0:37:00,Cliente0648,4,efectivo,6.92
649,70,CRPA890528MPLAHU58,10,0:30:00,Cliente0649,4,tarjeta,7.82
650,19,DRND851022BTCIIA89,11,0:30:00,Cliente0650,1,efectivo,8.35
651,13,INTL800217FSLKIE81,12,0:45:00,Cliente0651,5,tarjeta,2.43
652,9,TRPL890731GDFUEA46,13,0:33:00,Cliente0652,2,efectivo,5.47
653,92,BUBM970516FOCMRE84,14,0:19:00,Cliente0653,7,tarjeta,4.31
654,98,BEWB981224FPLLOA85,15,0:14:00,Cliente0654,2,efectivo,5.84
655,14,ANQS780903FQTDUA20,16,0:39:00,Cliente0655,4,tarjeta,4.28
656,77,CACA880301FCHMRU20,17,0:02:00,Cliente0656,3,efectivo,3.88
657,85,PUOL940815MCHDNA54,18,0:43:00,Cliente0657,3,tarjeta,6.23
658,77,COHJ760326MDFSUU07,19,0:52:00,Cliente0658,3,efectivo,2.95
659,48,SPBH830615MASEEE39,20,0:57:00,Cliente0659,8,tarjeta,9.1
660,7,DRKR870309MTCOIO34,1,0:55:00,Cliente0660,1,efectivo,3.74
661,83,CUCL990924MASRHA62,2,0:49:00,Cliente0661,7,tarjeta,4.01
662,21,LIMD721115MJCMIO09,3,0:22:00,Cliente0662,7,efectivo,9.99
663,49,PUOL940815MCHDNA54,4,0:30:00,Cliente0663,5,tarjeta,8.24
664,10,VEMC760926FQRNAA13,5,0:05:00,Cliente0664,5,efectivo,7.71
665,16,HERS800926FCHBUT83,6,0:51:00,Cliente0665,3,tarjeta,2.94
666,3,KEEC990619MQTHDO55,7,0:14:00,Cliente0666,6,efectivo,2.6
667,5,KLAL900916FDGEIE04,8,0:42:00,Cliente0667,3,tarjeta,1.55
668,37,AYBK761021GPLCRA42,9,0:02:00,Cliente0668,9,efectivo,7.99
669,96,KILT800801FOCTAI84,10,0:53:00,Cliente0669,3,tarjeta,8.87
670,22,ROSE760109MASWUR22,11,0:01:00,Cliente0670,2,efectivo,7.84
671,74,MABP780714MMNFRA82,12,0:13:00,Cliente0671,4,tarjeta,1.07
672,1,GAVF891225FTSDIR46,13,0:21:00,Cliente0672,4,efectivo,6.2
673,81,SHSS960626FGRECI13,14,0:50:00,Cliente0673,9,tarjeta,1.22
674,67,BUBM970516FOCMRE84,15,0:21:00,Cliente0674,6,efectivo,2.2
675,51,CRPA890528MPLAHU58,16,0:53:00,Cliente0675,4,tarjeta,2.69
676,31,GIHN980222MCMLAI09,17,0:15:00,Cliente0676,3,efectivo,6.9
677,21,HINA980519MOCNAD56,18,0:42:00,Cliente0677,3,tarjeta,3.99
678,71,DETE720227MMCDRP41,19,0:46:00,Cliente0678,7,efectivo,4.21
679,77,BALS870921MCSUAC68,20,0:31:00,Cliente0679,3,tarjeta,3.91
680,14,DISG740707FSLLWW28,1,0:17:00,Cliente0680,7,efectivo,2.17
681,46,BUBM970516FOCMRE84,2,0:38:00,Cliente0681,5,tarjeta,1.14
682,73,MACK750122MCLCRI37,3,0:08:00,Cliente0682,10,efectivo,9.17
683,13,BUBM970516FOCMRE84,4,0:55:00,Cliente0683,1,tarjeta,9.18
684,96,OSKC980330BYNOUO94,5,0:36:00,Cliente0684,7,efectivo,2.38
685,12,DOBL850516BQRNOI91,6,0:53:00,Cliente0685,9,tarjeta,6.26
686,27,CEPY851026FNTSRO85,7,0:45:00,Cliente0686,10,efectivo,2.29
687,46,BRBL860509FJCOAY25,8,0:09:00,Cliente0687,10,tarjeta,5.6
688,8,MABP780714MMNFRA82,9,0:52:00,Cliente0688,5,efectivo,5.77
689,37,MAWA931112FCHRAB49,10,0:26:00,Cliente0689,7,tarjeta,3.75
690,50,MCCS951214FNLCHH80,11,0:06:00,Cliente0690,3,efectivo,7.96
691,41,PACA700821FGTULN20,12,0:51:00,Cliente0691,3,tarjeta,2.07
692,57,LIMD721115MJCMIO09,13,0:38:00,Cliente0692,8,efectivo,8.34
693,93,DOEB820928MDFMNE22,14,0:25:00,Cliente0693,5,tarjeta,8.97
694,11,VEMC760926FQRNAA13,15,0:44:00,Cliente0694,8,efectivo,6.45
695,83,SHCJ990110FCHAAU13,16,0:31:00,Cliente0695,6,tarjeta,7.27
696,39,HINA980519MOCNAD56,17,0:43:00,Cliente0696,7,efectivo,6.72
697,27,PAAC920419FGTTVO87,18,0:26:00,Cliente0697,8,tarjeta,3.85
698,90,STHR841219FTLAAA64,19,0:29:00,Cliente0698,9,efectivo,2.09
699,65,KLAL900916FDGEIE04,20,0:00:00,Cliente0699,7,tarjeta,8.01
700,16,BEWB981224FPLLOA85,1,0:47:00,Cliente0700,9,efectivo,7.84
701,75,VAJJ860909FJCSIA20,2,0:57:00,Cliente0701,2,tarjeta,4.83
702,16,SPBH830615MASEEE39,3,0:52:00,Cliente0702,5,efectivo,3.46
703,21,CHML890621FMSAEU73,4,0:35:00,Cliente0703,1,tarjeta,3.7
704,56,FAJJ841022MBSLAU69,5,0:04:00,Cliente0704,1,efectivo,9.67
705,60,PRGL701222FMCIII62,6,0:03:00,Cliente0705,7,tarjeta,9.01
706,67,KLAL900916FDGEIE04,7,0:05:00,Cliente0706,3,efectivo,8.99
707,75,EBHL720222MCLBAA97,8,0:26:00,Cliente0707,6,tarjeta,8.33
708,97,DUUS830112FTSIRT54,9,0:52:00,Cliente0708,1,efectivo,4.69
709,34,ARWJ970404MQTROO60,10,0:41:00,Cliente0709,6,tarjeta,3.25
710,74,VEMC760926FQRNAA13,11,0:42:00,Cliente0710,5,efectivo,1.87
711,12,HUPF751231FCMNAE48,12,0:23:00,Cliente0711,4,tarjeta,4.64
712,78,CACH800731MMSZLE85,13,0:25:00,Cliente0712,7,efectivo,5.08
713,78,GOFM961107FTCTUO54,14,0:25:00,Cliente0713,4,tarjeta,9.2
714,81,SHCJ990110FCHAAU13,15,0:41:00,Cliente0714,1,efectivo,6.63
715,20,KEEC990619MQTHDO55,16,0:11:00,Cliente0715,7,tarjeta,9.54
716,53,COGD820217MOCTRO55,17,0:23:00,Cliente0716,8,efectivo,6.27
717,42,TACM870706MVZNRA14,18,0:56:00,Cliente0717,8,tarjeta,6.55
718,53,MCCS951214FNLCHH80,19,0:11:00,Cliente0718,4,efectivo,3.95
719,67,DRKR870309MTCOIO34,20,0:21:00,Cliente0719,10,tarjeta,2.62
720,78,CHRH921025MTLEOA42,1,0:44:00,Cliente0720,1,efectivo,2.98
721,52,HEMD820611MGTAEU67,2,0:52:00,Cliente0721,7,tarjeta,3.39
722,16,CHML890621FMSAEU73,3,0:42:00,Cliente0722,6,efectivo,1.45
723,25,BUBM970516FOCMRE84,4,0:07:00,Cliente0723,8,tarjeta,3.09
724,63,DOBL850516BQRNOI91,5,0:39:00,Cliente0724,1,efectivo,9.18
725,2,KABH790308MBSROA03,6,0:10:00,Cliente0725,1,tarjeta,1.74
726,16,KEEC990619MQTHDO55,7,0:01:00,Cliente0726,1,efectivo,8.37
727,66,EBHL720222MCLBAA97,8,0:39:00,Cliente0727,2,tarjeta,4.76
728,9,PIGO910404FMNDED41,9,0:58:00,Cliente0728,10,efectivo,2.32
729,41,SMDH870821NDFAUA60,10,0:41:00,Cliente0729,9,tarjeta,9.23
730,48,KUWS910402NNLBEI94,11,0:09:00,Cliente0730,10,efectivo,6.92
731,95,STWL800319GMCUAO28,12,0:17:00,Cliente0731,3,tarjeta,3.88
732,2,VEEH800225MCSRRU48,13,0:58:00,Cliente0732,3,efectivo,8.95
733,97,DRND851022BTCIIA89,14,0:02:00,Cliente0733,4,tarjeta,3.5
734,33,CHRH921025MTLEOA42,15,0:29:00,Cliente0734,1,efectivo,9.48
735,95,COGD820217MOCTRO55,16,0:50:00,Cliente0735,8,tarjeta,4.37
736,4,BETL920711FDGRWA64,17,0:38:00,Cliente0736,5,efectivo,9.61
737,23,PIGO910404FMNDED41,18,0:20:00,Cliente0737,10,tarjeta,9.98
738,5,CHML890621FMSAEU73,19,0:46:00,Cliente0738,5,efectivo,1.46
739,18,LEBC850828PSPTLO16,20,0:13:00,Cliente0739,3,tarjeta,2.21
740,33,MABP780714MMNFRA82,1,0:15:00,Cliente0740,8,efectivo,6.73
741,29,PAME910207FSLWCN51,2,0:27:00,Cliente0741,5,tarjeta,3.33
742,5,BRBL860509FJCOAY25,3,0:34:00,Cliente0742,1,efectivo,5.29
743,98,BRBL860509FJCOAY25,4,0:26:00,Cliente0743,9,tarjeta,6.28
744,3,FAJJ841022MBSLAU69,5,0:21:00,Cliente0744,6,efectivo,1.27
745,7,THFT841224MQROII59,6,0:54:00,Cliente0745,5,tarjeta,1.44
746,23,BRBL860509FJCOAY25,7,0:11:00,Cliente0746,5,efectivo,9.15
747,2,CRDW760222FBSIEA91,8,0:51:00,Cliente0747,8,tarjeta,2.18
748,46,INTL800217FSLKIE81,9,0:47:00,Cliente0748,5,efectivo,7.24
749,57,KILT800801FOCTAI84,10,0:23:00,Cliente0749,2,tarjeta,9.77
750,11,ROSE760109MASWUR22,11,0:25:00,Cliente0750,2,efectivo,3.82
751,50,GHCF761019BMCEHI76,12,0:25:00,Cliente0751,4,tarjeta,4.11
752,35,CACA880301FCHMRU20,13,0:33:00,Cliente0752,7,efectivo,7.51
753,70,FAJJ841022MBSLAU69,14,0:55:00,Cliente0753,5,tarjeta,8.71
754,17,RYHB770516PCCAEE69,15,0:47:00,Cliente0754,10,efectivo,8.24
755,96,CHGR981221MMSERU84,16,0:09:00,Cliente0755,5,tarjeta,7.94
756,29,PACA700821FGTULN20,17,0:55:00,Cliente0756,8,efectivo,9.34
757,98,HUPF751231FCMNAE48,18,0:50:00,Cliente0757,3,tarjeta,8.48
758,81,DOBL850516BQRNOI91,19,0:54:00,Cliente0758,6,efectivo,5.93
759,39,HEMD820611MGTAEU67,20,0:57:00,Cliente0759,1,tarjeta,2.43
760,11,PASR941118MDFCTO81,1,0:59:00,Cliente0760,8,efectivo,9.35
761,48,ANQS780903FQTDUA20,2,0:48:00,Cliente0761,1,tarjeta,7.46
762,73,MABP780714MMNFRA82,3,0:34:00,Cliente0762,4,efectivo,1.42
763,61,NOGE840522MTCRRV12,4,0:13:00,Cliente0763,5,tarjeta,2.69
764,71,COMM900506FTSCOA03,5,0:22:00,Cliente0764,10,efectivo,5.81
765,29,SHSS960626FGRECI13,6,0:27:00,Cliente0765,7,tarjeta,7.91
766,13,SHSS960626FGRECI13,7,0:37:00,Cliente0766,2,efectivo,5.16
767,24,TRPL890731GDFUEA46,8,0:19:00,Cliente0767,1,tarjeta,9.78
768,21,BALS870921MCSUAC68,9,0:36:00,Cliente0768,5,efectivo,6.06
769,24,BALS870921MCSUAC68,10,0:53:00,Cliente0769,9,tarjeta,3.04
770,68,COGD820217MOCTRO55,11,0:28:00,Cliente0770,10,efectivo,8.41
771,84,VEEH800225MCSRRU48,12,0:50:00,Cliente0771,6,tarjeta,7.2
772,96,PRGL701222FMCIII62,13,0:15:00,Cliente0772,9,efectivo,2.35
773,26,CRDW760222FBSIEA91,14,0:03:00,Cliente0773,2,tarjeta,4.87
774,21,COHJ760326MDFSUU07,15,0:39:00,Cliente0774,7,efectivo,9.42
775,52,DRKR870309MTCOIO34,16,0:06:00,Cliente0775,2,tarjeta,6.66
776,72,VASM801119AHGNLA39,17,0:08:00,Cliente0776,9,efectivo,1.25
777,14,NOGE840522MTCRRV12,18,0:54:00,Cliente0777,4,tarjeta,9.71
778,53,SHSS960626FGRECI13,19,0:47:00,Cliente0778,6,efectivo,6.25
779,36,KILT800801FOCTAI84,20,0:19:00,Cliente0779,4,tarjeta,2.79
780,92,VEEH800225MCSRRU48,1,0:26:00,Cliente0780,4,efectivo,3.91
781,4,TRPL890731GDFUEA46,2,0:39:00,Cliente0781,4,tarjeta,3.96
782,31,TRPL890731GDFUEA46,3,0:48:00,Cliente0782,7,efectivo,5.17
783,9,KNBK960914FASOOA45,4,0:02:00,Cliente0783,4,tarjeta,9.41
784,34,SMDH870821NDFAUA60,5,0:57:00,Cliente0784,8,efectivo,7.47
785,25,ANQS780903FQTDUA20,6,0:22:00,Cliente0785,8,tarjeta,4.75
786,13,KABH790308MBSROA03,7,0:50:00,Cliente0786,2,efectivo,7.34
787,1,BABG810617FHGUIA28,8,0:42:00,Cliente0787,6,tarjeta,2.37
788,98,FAIG991004MSPRTE27,9,0:58:00,Cliente0788,3,efectivo,1.3
789,43,HUPF751231FCMNAE48,10,0:28:00,Cliente0789,4,tarjeta,8.43
790,74,DETE720227MMCDRP41,11,0:38:00,Cliente0790,10,efectivo,2.47
791,97,DISG740707FSLLWW28,12,0:04:00,Cliente0791,10,tarjeta,1.52
792,52,BEWB981224FPLLOA85,13,0:51:00,Cliente0792,10,efectivo,2.84
793,82,DRKR870309MTCOIO34,14,0:35:00,Cliente0793,2,tarjeta,1.77
794,71,CRDW760222FBSIEA91,15,0:30:00,Cliente0794,9,efectivo,3.32
795,42,DAJR941016MDGLIA11,16,0:16:00,Cliente0795,4,tarjeta,4.94
796,3,DOEB820928MDFMNE22,17,0:41:00,Cliente0796,1,efectivo,9.42
797,89,COMM900506FTSCOA03,18,0:53:00,Cliente0797,5,tarjeta,8.58
798,86,GHCF761019BMCEHI76,19,0:26:00,Cliente0798,2,efectivo,8.88
799,69,MACK750122MCLCRI37,20,0:32:00,Cliente0799,3,tarjeta,5.7
800,56,HEMD820611MGTAEU67,1,0:22:00,Cliente0800,9,efectivo,8.35
801,86,GLGL840412FNLAOO81,2,0:45:00,Cliente0801,9,tarjeta,8.6
802,42,WHGD870116FVZAUA72,3,0:56:00,Cliente0802,1,efectivo,3.69
803,28,KEEC990619MQTHDO55,4,0:51:00,Cliente0803,4,tarjeta,8.58
804,43,LOSK880201ATLUAA99,5,0:51:00,Cliente0804,7,efectivo,6.5
805,5,THFT841224MQROII59,6,0:30:00,Cliente0805,1,tarjeta,4.72
806,91,BALS870921MCSUAC68,7,0:00:00,Cliente0806,8,efectivo,2.47
807,79,COBI760520MASPAN90,8,0:39:00,Cliente0807,3,tarjeta,1.77
808,48,CRFB880126FPLUEA78,9,0:16:00,Cliente0808,6,efectivo,3.84
809,83,GIHN980222MCMLAI09,10,0:30:00,Cliente0809,4,tarjeta,8.21
810,68,MUOS760923MNTNPI24,11,0:08:00,Cliente0810,2,efectivo,3.22
811,81,HINA980519MOCNAD56,12,0:47:00,Cliente0811,2,tarjeta,4.66
812,51,BABG810617FHGUIA28,13,0:33:00,Cliente0812,3,efectivo,1.44
813,84,DRKR870309MTCOIO34,14,0:53:00,Cliente0813,3,tarjeta,5.01
814,60,AYBK761021GPLCRA42,15,0:12:00,Cliente0814,3,efectivo,3.46
815,74,FAIG991004MSPRTE27,16,0:35:00,Cliente0815,1,tarjeta,2.22
816,15,PASR941118MDFCTO81,17,0:55:00,Cliente0816,9,efectivo,2.23
817,17,TRPL890731GDFUEA46,18,0:22:00,Cliente0817,10,tarjeta,6.87
818,11,PAME910207FSLWCN51,19,0:42:00,Cliente0818,3,efectivo,4.45
819,85,COGD820217MOCTRO55,20,0:44:00,Cliente0819,5,tarjeta,7.89
820,30,KEEC990619MQTHDO55,1,0:05:00,Cliente0820,1,efectivo,8.71
821,13,MUOS760923MNTNPI24,2,0:24:00,Cliente0821,1,tarjeta,9.42
822,15,COMM900506FTSCOA03,3,0:32:00,Cliente0822,2,efectivo,8.91
823,59,ALMA830409MSRMAL39,4,0:47:00,Cliente0823,1,tarjeta,8.7
824,7,LIMD721115MJCMIO09,5,0:14:00,Cliente0824,4,efectivo,5.03
825,62,CUCL990924MASRHA62,6,0:21:00,Cliente0825,7,tarjeta,6.56
826,3,EBHL720222MCLBAA97,7,0:36:00,Cliente0826,1,efectivo,7.63
827,92,PRGL701222FMCIII62,8,0:32:00,Cliente0827,3,tarjeta,9.64
828,15,ROSE760109MASWUR22,9,0:14:00,Cliente0828,8,efectivo,4.63
829,4,DUUS830112FTSIRT54,10,0:13:00,Cliente0829,1,tarjeta,8.99
830,45,MACK750122MCLCRI37,11,0:04:00,Cliente0830,10,efectivo,1.97
831,88,VEMC760926FQRNAA13,12,0:48:00,Cliente0831,9,tarjeta,4.3
832,78,PACA700821FGTULN20,13,0:03:00,Cliente0832,4,efectivo,4.36
833,11,BRBL860509FJCOAY25,14,0:18:00,Cliente0833,6,tarjeta,8.53
834,66,SPBH830615MASEEE39,15,0:19:00,Cliente0834,8,efectivo,6.82
835,46,GIHN980222MCMLAI09,16,0:20:00,Cliente0835,8,tarjeta,4.71
836,38,KUWS910402NNLBEI94,17,0:07:00,Cliente0836,3,efectivo,4.1
837,9,FAIG991004MSPRTE27,18,0:24:00,Cliente0837,6,tarjeta,2.5
838,59,SHSS960626FGRECI13,19,0:37:00,Cliente0838,9,efectivo,9.88
839,1,DOBL850516BQRNOI91,20,0:31:00,Cliente0839,6,tarjeta,9.51
840,44,DISG740707FSLLWW28,1,0:49:00,Cliente0840,5,efectivo,2.93
841,18,DRND851022BTCIIA89,2,0:24:00,Cliente0841,4,tarjeta,6.69
842,9,LIMD721115MJCMIO09,3,0:47:00,Cliente0842,3,efectivo,1.55
843,92,MCCS951214FNLCHH80,4,0:56:00,Cliente0843,2,tarjeta,3.41
844,82,FAJJ841022MBSLAU69,5,0:12:00,Cliente0844,5,efectivo,5.51
845,3,GADA911027FHGSIG96,6,0:04:00,Cliente0845,1,tarjeta,9.62
846,51,NOGE840522MTCRRV12,7,0:20:00,Cliente0846,9,efectivo,1.71
847,66,KILT800801FOCTAI84,8,0:21:00,Cliente0847,2,tarjeta,9.34
848,60,BUBM970516FOCMRE84,9,0:49:00,Cliente0848,4,efectivo,4.55
849,40,DOBL850516BQRNOI91,10,0:38:00,Cliente0849,6,tarjeta,2.63
850,71,PAAC920419FGTTVO87,11,0:48:00,Cliente0850,10,efectivo,4.56
851,10,BUBM970516FOCMRE84,12,0:11:00,Cliente0851,4,tarjeta,3.75
852,80,COBI760520MASPAN90,13,0:29:00,Cliente0852,8,efectivo,5.3
853,64,TRPL890731GDFUEA46,14,0:41:00,Cliente0853,4,tarjeta,7.09
854,71,HINA980519MOCNAD56,15,0:43:00,Cliente0854,9,efectivo,4.46
855,20,FESJ871216MBCRHE05,16,0:14:00,Cliente0855,8,tarjeta,8.04
856,98,WHGD870116FVZAUA72,17,0:30:00,Cliente0856,7,efectivo,1.88
857,1,SMDH870821NDFAUA60,18,0:34:00,Cliente0857,5,tarjeta,6.35
858,90,LEBC850828PSPTLO16,19,0:43:00,Cliente0858,3,efectivo,2.63
859,86,BEWB981224FPLLOA85,20,0:15:00,Cliente0859,6,tarjeta,3.26
860,40,KILT800801FOCTAI84,1,0:51:00,Cliente0860,5,efectivo,2.99
861,46,DETE720227MMCDRP41,2,0:35:00,Cliente0861,8,tarjeta,9.06
862,16,THFT841224MQROII59,3,0:20:00,Cliente0862,2,efectivo,2.74
863,76,NOGE840522MTCRRV12,4,0:58:00,Cliente0863,6,tarjeta,2.61
864,5,MUOS760923MNTNPI24,5,0:53:00,Cliente0864,3,efectivo,2.59
865,24,KEEC990619MQTHDO55,6,0:41:00,Cliente0865,3,tarjeta,9.2
866,36,BEWB981224FPLLOA85,7,0:09:00,Cliente0866,3,efectivo,1.94
867,66,HABA820225FTLRIL45,8,0:06:00,Cliente0867,9,tarjeta,2.22
868,65,GELG970223FGTIEL29,9,0:54:00,Cliente0868,10,efectivo,5.68
869,52,FAJJ841022MBSLAU69,10,0:46:00,Cliente0869,7,tarjeta,6.48
870,30,KRSH740910NOCYIO87,11,0:17:00,Cliente0870,10,efectivo,3.53
871,43,DRKR870309MTCOIO34,12,0:57:00,Cliente0871,4,tarjeta,4.69
872,55,DISG740707FSLLWW28,13,0:48:00,Cliente0872,9,efectivo,8.13
873,38,HUPF751231FCMNAE48,14,0:16:00,Cliente0873,6,tarjeta,6.95
874,49,HUPF751231FCMNAE48,15,0:07:00,Cliente0874,4,efectivo,4.24
875,24,GADA911027FHGSIG96,16,0:59:00,Cliente0875,4,tarjeta,9.83
876,55,DRKR870309MTCOIO34,17,0:55:00,Cliente0876,7,efectivo,8.27
877,62,VASM801119AHGNLA39,18,0:48:00,Cliente0877,3,tarjeta,4.87
878,69,COBI760520MASPAN90,19,0:40:00,Cliente0878,7,efectivo,3.07
879,98,ROSE760109MASWUR22,20,0:48:00,Cliente0879,2,tarjeta,5.89
880,7,GAVF891225FTSDIR46,1,0:44:00,Cliente0880,6,efectivo,8.95
881,50,GELG970223FGTIEL29,2,0:26:00,Cliente0881,4,tarjeta,2.47
882,20,GIHN980222MCMLAI09,3,0:43:00,Cliente0882,4,efectivo,8.0
883,1,CUCL990924MASRHA62,4,0:11:00,Cliente0883,10,tarjeta,5.75
884,44,CHGR981221MMSERU84,5,0:42:00,Cliente0884,9,efectivo,4.14
885,34,PUOL940815MCHDNA54,6,0:21:00,Cliente0885,6,tarjeta,3.0
886,68,DUUS830112FTSIRT54,7,0:06:00,Cliente0886,9,efectivo,7.37
887,43,ANQS780903FQTDUA20,8,0:59:00,Cliente0887,1,tarjeta,1.71
888,34,INTL800217FSLKIE81,9,0:17:00,Cliente0888,10,efectivo,3.32
889,81,MACK750122MCLCRI37,10,0:20:00,Cliente0889,1,tarjeta,9.29
890,63,KUWS910402NNLBEI94,11,0:42:00,Cliente0890,3,efectivo,2.25
891,7,OSKC980330BYNOUO94,12,0:14:00,Cliente0891,9,tarjeta,5.73
892,61,CACH800731MMSZLE85,13,0:40:00,Cliente0892,5,efectivo,5.05
893,16,VAJJ860909FJCSIA20,14,0:29:00,Cliente0893,10,tarjeta,8.7
894,39,AYBK761021GPLCRA42,15,0:56:00,Cliente0894,6,efectivo,1.75
895,88,GOFM961107FTCTUO54,16,0:41:00,Cliente0895,5,tarjeta,2.08
896,53,KLAL900916FDGEIE04,17,0:14:00,Cliente0896,8,efectivo,7.25
897,15,BABG810617FHGUIA28,18,0:24:00,Cliente0897,9,tarjeta,1.14
898,21,FAJJ841022MBSLAU69,19,0:44:00,Cliente0898,1,efectivo,7.58
899,89,KILT800801FOCTAI84,20,0:06:00,Cliente0899,2,tarjeta,9.72
900,78,MAWA931112FCHRAB49,1,0:50:00,Cliente0900,10,efectivo,2.32
901,48,DISG740707FSLLWW28,2,0:24:00,Cliente0901,3,tarjeta,4.22
902,2,PUOL940815MCHDNA54,3,0:09:00,Cliente0902,4,efectivo,6.79
903,99,CRDW760222FBSIEA91,4,0:53:00,Cliente0903,5,tarjeta,3.71
904,60,BEWB981224FPLLOA85,5,0:28:00,Cliente0904,9,efectivo,9.14
905,24,OSKC980330BYNOUO94,6,0:33:00,Cliente0905,4,tarjeta,4.37
906,22,ARWJ970404MQTROO60,7,0:03:00,Cliente0906,3,efectivo,1.77
907,69,PASR941118MDFCTO81,8,0:46:00,Cliente0907,10,tarjeta,2.71
908,67,PASR941118MDFCTO81,9,0:11:00,Cliente0908,4,efectivo,5.86
909,80,VEEH800225MCSRRU48,10,0:31:00,Cliente0909,1,tarjeta,1.23
910,78,DRKR870309MTCOIO34,11,0:44:00,Cliente0910,9,efectivo,2.46
911,77,MCCS951214FNLCHH80,12,0:22:00,Cliente0911,3,tarjeta,9.86
912,18,MACK750122MCLCRI37,13,0:54:00,Cliente0912,7,efectivo,1.48
913,21,FAIG991004MSPRTE27,14,0:21:00,Cliente0913,6,tarjeta,9.35
914,35,GIWG820104FNLLAE76,15,0:41:00,Cliente0914,2,efectivo,2.84
915,95,FAIG991004MSPRTE27,16,0:06:00,Cliente0915,5,tarjeta,2.76
916,22,HINA980519MOCNAD56,17,0:21:00,Cliente0916,7,efectivo,3.46
917,23,SPBH830615MASEEE39,18,0:01:00,Cliente0917,9,tarjeta,9.97
918,89,DABR930520MPLRIA38,19,0:43:00,Cliente0918,3,efectivo,7.8
919,34,KLAL900916FDGEIE04,20,0:08:00,Cliente0919,9,tarjeta,2.97
920,50,TACM870706MVZNRA14,1,0:46:00,Cliente0920,1,efectivo,1.1
921,6,HINA980519MOCNAD56,2,0:13:00,Cliente0921,2,tarjeta,6.71
922,70,OSKC980330BYNOUO94,3,0:06:00,Cliente0922,6,efectivo,7.31
923,6,DETE720227MMCDRP41,4,0:09:00,Cliente0923,9,tarjeta,5.27
924,79,DRND851022BTCIIA89,5,0:36:00,Cliente0924,9,efectivo,7.51
925,46,CRPA890528MPLAHU58,6,0:02:00,Cliente0925,7,tarjeta,2.88
926,77,COHJ760326MDFSUU07,7,0:14:00,Cliente0926,10,efectivo,1.58
927,12,HERS800926FCHBUT83,8,0:16:00,Cliente0927,4,tarjeta,1.62
928,78,COGD820217MOCTRO55,9,0:01:00,Cliente0928,1,efectivo,7.04
929,61,DABR930520MPLRIA38,10,0:46:00,Cliente0929,10,tarjeta,5.87
930,18,VAJJ860909FJCSIA20,11,0:29:00,Cliente0930,9,efectivo,7.03
931,10,BRBL860509FJCOAY25,12,0:54:00,Cliente0931,4,tarjeta,9.95
932,82,SMDH870821NDFAUA60,13,0:29:00,Cliente0932,2,efectivo,2.79
933,73,COGD820217MOCTRO55,14,0:15:00,Cliente0933,1,tarjeta,5.22
934,88,LIMD721115MJCMIO09,15,0:54:00,Cliente0934,1,efectivo,5.58
935,80,BALS870921MCSUAC68,16,0:50:00,Cliente0935,3,tarjeta,9.21
936,55,OSKC980330BYNOUO94,17,0:52:00,Cliente0936,4,efectivo,8.73
937,82,ROSE760109MASWUR22,18,0:11:00,Cliente0937,1,tarjeta,3.2
938,85,FAIG991004MSPRTE27,19,0:56:00,Cliente0938,1,efectivo,9.06
939,2,EBHL720222MCLBAA97,20,0:15:00,Cliente0939,9,tarjeta,2.32
940,18,COBI760520MASPAN90,1,0:38:00,Cliente0940,2,efectivo,4.13
941,34,CACA880301FCHMRU20,2,0:08:00,Cliente0941,1,tarjeta,5.82
942,66,KRSH740910NOCYIO87,3,0:32:00,Cliente0942,4,efectivo,5.21
943,7,VEMC760926FQRNAA13,4,0:43:00,Cliente0943,5,tarjeta,9.63
944,93,CRFB880126FPLUEA78,5,0:07:00,Cliente0944,4,efectivo,1.48
945,5,COBI760520MASPAN90,6,0:52:00,Cliente0945,8,tarjeta,7.96
946,21,GOFM961107FTCTUO54,7,0:01:00,Cliente0946,2,efectivo,7.87
947,52,PUOL940815MCHDNA54,8,0:06:00,Cliente0947,1,tarjeta,7.28
948,39,REMV970310MYNVOA05,9,0:14:00,Cliente0948,9,efectivo,9.35
949,84,HUVR861220MTCGEO09,10,0:43:00,Cliente0949,3,tarjeta,1.74
950,36,ARWJ970404MQTROO60,11,0:15:00,Cliente0950,9,efectivo,8.45
951,24,SMDH870821NDFAUA60,12,0:22:00,Cliente0951,7,tarjeta,1.82
952,49,MABP780714MMNFRA82,13,0:49:00,Cliente0952,10,efectivo,9.06
953,28,CHGR981221MMSERU84,14,0:57:00,Cliente0953,6,tarjeta,7.52
954,52,MCAO920101FHGCCL03,15,0:33:00,Cliente0954,6,efectivo,7.56
955,95,TACM870706MVZNRA14,16,0:15:00,Cliente0955,1,tarjeta,2.55
956,25,RYHB770516PCCAEE69,17,0:18:00,Cliente0956,4,efectivo,3.49
957,97,THFT841224MQROII59,18,0:36:00,Cliente0957,7,tarjeta,8.34
958,51,CRPA890528MPLAHU58,19,0:15:00,Cliente0958,1,efectivo,8.63
959,57,REMV970310MYNVOA05,20,0:26:00,Cliente0959,3,tarjeta,1.27
960,97,ARWJ970404MQTROO60,1,0:15:00,Cliente0960,5,efectivo,4.51
961,28,INTL800217FSLKIE81,2,0:22:00,Cliente0961,4,tarjeta,9.83
962,7,ALMA830409MSRMAL39,3,0:05:00,Cliente0962,2,efectivo,5.24
963,30,CHML890621FMSAEU73,4,0:22:00,Cliente0963,1,tarjeta,3.74
964,86,LEBC850828PSPTLO16,5,0:56:00,Cliente0964,3,efectivo,8.57
965,24,VEEH800225MCSRRU48,6,0:58:00,Cliente0965,4,tarjeta,6.99
966,63,TACM870706MVZNRA14,7,0:22:00,Cliente0966,10,efectivo,1.41
967,84,KILT800801FOCTAI84,8,0:36:00,Cliente0967,10,tarjeta,3.64
968,36,DUUS830112FTSIRT54,9,0:09:00,Cliente0968,5,efectivo,8.03
969,13,KNBK960914FASOOA45,10,0:06:00,Cliente0969,5,tarjeta,7.2
970,9,MCCS951214FNLCHH80,11,0:22:00,Cliente0970,2,efectivo,7.17
971,78,KEEC990619MQTHDO55,12,0:11:00,Cliente0971,5,tarjeta,2.64
972,37,SHSS960626FGRECI13,13,0:19:00,Cliente0972,9,efectivo,5.08
973,79,SPBH830615MASEEE39,14,0:53:00,Cliente0973,6,tarjeta,3.85
974,62,HUPF751231FCMNAE48,15,0:36:00,Cliente0974,1,efectivo,6.67
975,65,PUOL940815MCHDNA54,16,0:07:00,Cliente0975,5,tarjeta,1.75
976,97,VEMC760926FQRNAA13,17,0:35:00,Cliente0976,9,efectivo,5.61
977,36,MAWA931112FCHRAB49,18,0:44:00,Cliente0977,4,tarjeta,1.37
978,7,GADA911027FHGSIG96,19,0:20:00,Cliente0978,3,efectivo,3.52
979,91,PASR941118MDFCTO81,20,0:59:00,Cliente0979,2,tarjeta,7.77
980,74,BUBM970516FOCMRE84,1,0:36:00,Cliente0980,5,efectivo,8.32
981,46,COMM900506FTSCOA03,2,0:58:00,Cliente0981,10,tarjeta,5.12
982,47,COMM900506FTSCOA03,3,0:50:00,Cliente0982,9,efectivo,9.47
983,39,DOBL850516BQRNOI91,4,0:21:00,Cliente0983,5,tarjeta,1.45
984,11,DABR930520MPLRIA38,5,0:44:00,Cliente0984,4,efectivo,3.31
985,87,CUCL990924MASRHA62,6,0:04:00,Cliente0985,1,tarjeta,7.81
986,5,THFT841224MQROII59,7,0:21:00,Cliente0986,6,efectivo,7.47
987,71,MACK750122MCLCRI37,8,0:04:00,Cliente0987,8,tarjeta,9.74
988,18,ALMA830409MSRMAL39,9,0:40:00,Cliente0988,8,efectivo,1.93
989,24,STHR841219FTLAAA64,10,0:43:00,Cliente0989,7,tarjeta,8.68
990,43,FAJJ841022MBSLAU69,11,0:29:00,Cliente0990,8,efectivo,7.79
991,35,GADA911027FHGSIG96,12,0:39:00,Cliente0991,10,tarjeta,8.78
992,92,CACH800731MMSZLE85,13,0:26:00,Cliente0992,3,efectivo,4.14
993,27,RYHB770516PCCAEE69,14,0:06:00,Cliente0993,10,tarjeta,9.11
994,55,FAJJ841022MBSLAU69,15,0:46:00,Cliente0994,3,efectivo,1.69
995,27,MCAO920101FHGCCL03,16,0:09:00,Cliente0995,7,tarjeta,4.78
996,84,INTL800217FSLKIE81,17,0:48:00,Cliente0996,2,efectivo,7.73
997,64,CHRH921025MTLEOA42,18,0:38:00,Cliente0997,6,tarjeta,4.72
998,45,DOEB820928MDFMNE22,19,0:10:00,Cliente0998,2,efectivo,3.86
999,98,ANQS780903FQTDUA20,20,0:08:00,Cliente0999,8,tarjeta,9.44
1000,33,SHSS960626FGRECI13,1,0:09:00,Cliente1000,6,efectivo,8.04
