Item_Identifier,Cluster,Cluster_Label,Total_Sales,Avg_MRP,Broad_Category
DRA12,3,Alta Visibilidad / Baja Rotación,11061.6012,141.8654,Drinks
DRA24,3,Alta Visibilidad / Baja Rotación,15723.5328,164.0868,Drinks
DRA59,3,Alta Visibilidad / Baja Rotación,20915.4412,185.1799,Drinks
DRB01,3,Alta Visibilidad / Baja Rotación,4554.072,189.58633333333333,Drinks
DRB13,3,Alta Visibilidad / Baja Rotación,12144.192,189.693,Drinks
DRB24,3,Alta Visibilidad / Baja Rotación,12202.7824,154.4656,Drinks
DRB25,3,Alta Visibilidad / Baja Rotación,9969.0234,106.8938,Drinks
DRB48,3,Alta Visibilidad / Baja Rotación,4360.3242,39.25362857142857,Drinks
DRC01,3,Alta Visibilidad / Baja Rotación,5173.2660000000005,48.9692,Drinks
DRC12,3,Alta Visibilidad / Baja Rotación,8949.6836,190.2188,Drinks
DRC13,3,Alta Visibilidad / Baja Rotación,6528.169,124.298,Drinks
DRC24,3,Alta Visibilidad / Baja Rotación,6305.7918,153.34980000000002,Drinks
DRC25,3,Alta Visibilidad / Baja Rotación,7901.7144,86.23105714285714,Drinks
DRC27,3,Alta Visibilidad / Baja Rotación,16460.5734,245.89686666666668,Drinks
DRC36,3,Alta Visibilidad / Baja Rotación,15059.0644,174.5254,Drinks
DRC49,3,Alta Visibilidad / Baja Rotación,8484.9552,144.8128,Drinks
DRD01,3,Alta Visibilidad / Baja Rotación,4255.1278,55.7414,Drinks
DRD12,3,Alta Visibilidad / Baja Rotación,11036.9666,91.40031428571427,Drinks
DRD13,3,Alta Visibilidad / Baja Rotación,8628.768,64.45965714285714,Drinks
DRD15,3,Alta Visibilidad / Baja Rotación,17659.6792,232.8642,Drinks
DRD24,3,Alta Visibilidad / Baja Rotación,13756.0938,142.04397142857144,Drinks
DRD25,3,Alta Visibilidad / Baja Rotación,13921.878,113.086,Drinks
DRD27,3,Alta Visibilidad / Baja Rotación,6349.0688,98.0442,Drinks
DRD37,3,Alta Visibilidad / Baja Rotación,6245.204,46.00600000000001,Drinks
DRD49,3,Alta Visibilidad / Baja Rotación,14539.7404,237.8814,Drinks
DRD60,3,Alta Visibilidad / Baja Rotación,15631.6524,181.84673333333333,Drinks
DRE01,3,Alta Visibilidad / Baja Rotación,5816.4288,241.8012,Drinks
DRE03,3,Alta Visibilidad / Baja Rotación,4538.0928,46.68608571428571,Drinks
DRE12,3,Alta Visibilidad / Baja Rotación,9281.252,112.60266666666666,Drinks
DRE13,3,Alta Visibilidad / Baja Rotación,7762.5622,86.4798,Drinks
DRE15,3,Alta Visibilidad / Baja Rotación,6907.0092,75.81786666666666,Drinks
DRE25,3,Alta Visibilidad / Baja Rotación,7363.748,92.432,Drinks
DRE27,3,Alta Visibilidad / Baja Rotación,5970.2286,97.75593333333332,Drinks
DRE37,3,Alta Visibilidad / Baja Rotación,9454.36,189.3472,Drinks
DRE48,3,Alta Visibilidad / Baja Rotación,24437.5232,196.7910857142857,Drinks
DRE49,3,Alta Visibilidad / Baja Rotación,24136.5816,152.46906666666666,Drinks
DRE60,3,Alta Visibilidad / Baja Rotación,24448.176,225.872,Drinks
DRF01,3,Alta Visibilidad / Baja Rotación,13122.918,146.4602,Drinks
DRF03,3,Alta Visibilidad / Baja Rotación,4386.2904,40.2013,Drinks
DRF13,3,Alta Visibilidad / Baja Rotación,16111.0284,145.26106666666666,Drinks
DRF15,3,Alta Visibilidad / Baja Rotación,3828.35,153.48399999999998,Drinks
DRF23,3,Alta Visibilidad / Baja Rotación,21107.1916,173.7021,Drinks
DRF25,3,Alta Visibilidad / Baja Rotación,5492.85,35.99042857142857,Drinks
DRF27,3,Alta Visibilidad / Baja Rotación,17457.275999999998,152.5715,Drinks
DRF36,3,Alta Visibilidad / Baja Rotación,26942.9286,190.7846,Drinks
DRF37,3,Alta Visibilidad / Baja Rotación,18409.37,262.37433333333337,Drinks
DRF48,3,Alta Visibilidad / Baja Rotación,1496.7184,188.1898,Drinks
DRF49,3,Alta Visibilidad / Baja Rotación,8083.4778,113.01846666666668,Drinks
DRF51,3,Alta Visibilidad / Baja Rotación,1935.4806,37.38393333333334,Drinks
DRF60,3,Alta Visibilidad / Baja Rotación,18591.7992,238.7564,Drinks
DRG01,3,Alta Visibilidad / Baja Rotación,6125.36,76.707,Drinks
DRG03,3,Alta Visibilidad / Baja Rotación,13841.982,154.2198,Drinks
DRG11,3,Alta Visibilidad / Baja Rotación,7658.0316,109.0596,Drinks
DRG13,3,Alta Visibilidad / Baja Rotación,18912.049,164.6326,Drinks
DRG15,3,Alta Visibilidad / Baja Rotación,7840.4608,61.003600000000006,Drinks
DRG23,3,Alta Visibilidad / Baja Rotación,12349.9242,152.73962857142857,Drinks
DRG25,3,Alta Visibilidad / Baja Rotación,9134.776,187.024,Drinks
DRG27,3,Alta Visibilidad / Baja Rotación,2599.2832,40.8738,Drinks
DRG36,3,Alta Visibilidad / Baja Rotación,17966.613,171.5906,Drinks
DRG37,3,Alta Visibilidad / Baja Rotación,11528.9928,155.15434285714286,Drinks
DRG39,3,Alta Visibilidad / Baja Rotación,2945.4992,52.69820000000001,Drinks
DRG48,3,Alta Visibilidad / Baja Rotación,12539.6772,145.99020000000002,Drinks
DRG49,3,Alta Visibilidad / Baja Rotación,18570.4936,244.2486,Drinks
DRG51,3,Alta Visibilidad / Baja Rotación,10196.0612,164.9126,Drinks
DRH01,3,Alta Visibilidad / Baja Rotación,12859.2612,173.1138,Drinks
DRH03,3,Alta Visibilidad / Baja Rotación,4474.176,92.39533333333333,Drinks
DRH11,3,Alta Visibilidad / Baja Rotación,3757.775200000001,55.1114,Drinks
DRH13,3,Alta Visibilidad / Baja Rotación,4048.064,106.708,Drinks
DRH15,3,Alta Visibilidad / Baja Rotación,3251.7672,43.6428,Drinks
DRH23,3,Alta Visibilidad / Baja Rotación,3978.8208,55.3014,Drinks
DRH25,3,Alta Visibilidad / Baja Rotación,4466.1864000000005,51.41573333333333,Drinks
DRH36,3,Alta Visibilidad / Baja Rotación,7680.668799999999,73.93626666666667,Drinks
DRH37,3,Alta Visibilidad / Baja Rotación,12662.8502,164.31926666666666,Drinks
DRH39,3,Alta Visibilidad / Baja Rotación,8881.771999999999,76.50033333333333,Drinks
DRH49,3,Alta Visibilidad / Baja Rotación,2229.0984,83.8092,Drinks
DRH51,3,Alta Visibilidad / Baja Rotación,4833.708,89.4856,Drinks
DRH59,3,Alta Visibilidad / Baja Rotación,1904.188,73.67133333333334,Drinks
DRI01,3,Alta Visibilidad / Baja Rotación,21727.7172,172.59934285714286,Drinks
DRI03,3,Alta Visibilidad / Baja Rotación,22492.0556,176.8153,Drinks
DRI11,3,Alta Visibilidad / Baja Rotación,9790.589,115.05482857142856,Drinks
DRI13,3,Alta Visibilidad / Baja Rotación,12588.9464,217.4008,Drinks
DRI23,3,Alta Visibilidad / Baja Rotación,16045.78,160.40779999999998,Drinks
DRI25,3,Alta Visibilidad / Baja Rotación,6023.4926000000005,56.14711428571429,Drinks
DRI37,3,Alta Visibilidad / Baja Rotación,3866.9664,58.3904,Drinks
DRI39,3,Alta Visibilidad / Baja Rotación,6395.009,55.713,Drinks
DRI47,3,Alta Visibilidad / Baja Rotación,13662.216,143.74613333333335,Drinks
DRI49,3,Alta Visibilidad / Baja Rotación,5685.932,82.4526,Drinks
DRI51,3,Alta Visibilidad / Baja Rotación,20097.8388,172.44306666666668,Drinks
DRI59,3,Alta Visibilidad / Baja Rotación,9172.0608,224.0588,Drinks
DRJ01,3,Alta Visibilidad / Baja Rotación,7895.0564,160.89026666666666,Drinks
DRJ11,3,Alta Visibilidad / Baja Rotación,20421.4176,189.3729142857143,Drinks
DRJ13,3,Alta Visibilidad / Baja Rotación,13157.5396,160.07446666666667,Drinks
DRJ23,3,Alta Visibilidad / Baja Rotación,14370.6272,188.5072,Drinks
DRJ24,3,Alta Visibilidad / Baja Rotación,15732.854,185.6174,Drinks
DRJ25,3,Alta Visibilidad / Baja Rotación,4089.3436,48.5692,Drinks
DRJ35,3,Alta Visibilidad / Baja Rotación,2120.5730000000003,60.65446666666667,Drinks
DRJ37,3,Alta Visibilidad / Baja Rotación,8804.5392,151.03573333333335,Drinks
DRJ39,3,Alta Visibilidad / Baja Rotación,25628.6394,219.0482,Drinks
DRJ47,3,Alta Visibilidad / Baja Rotación,12809.992,173.908,Drinks
DRJ49,3,Alta Visibilidad / Baja Rotación,9816.5552,128.2252,Drinks
DRJ51,3,Alta Visibilidad / Baja Rotación,17968.6104,230.6068,Drinks
DRJ59,3,Alta Visibilidad / Baja Rotación,2818.9972,39.43306666666667,Drinks
DRK01,3,Alta Visibilidad / Baja Rotación,7090.77,94.0036,Drinks
DRK11,3,Alta Visibilidad / Baja Rotación,9694.048,149.5225333333333,Drinks
DRK12,3,Alta Visibilidad / Baja Rotación,3928.22,32.315,Drinks
DRK13,3,Alta Visibilidad / Baja Rotación,22221.7408,198.8750666666667,Drinks
DRK23,3,Alta Visibilidad / Baja Rotación,27324.432,253.204,Drinks
DRK35,3,Alta Visibilidad / Baja Rotación,4819.7262,37.9256,Drinks
DRK37,3,Alta Visibilidad / Baja Rotación,17836.782,189.533,Drinks
DRK39,3,Alta Visibilidad / Baja Rotación,8239.275,82.925,Drinks
DRK47,3,Alta Visibilidad / Baja Rotación,16214.2274,229.8494,Drinks
DRK49,3,Alta Visibilidad / Baja Rotación,4142.6076,40.742371428571424,Drinks
DRK59,3,Alta Visibilidad / Baja Rotación,13592.9728,234.69493333333327,Drinks
DRL01,3,Alta Visibilidad / Baja Rotación,29913.062400000003,233.3100857142857,Drinks
DRL11,3,Alta Visibilidad / Baja Rotación,15621.6654,158.3546,Drinks
DRL23,3,Alta Visibilidad / Baja Rotación,6860.4032,106.4438,Drinks
DRL35,3,Alta Visibilidad / Baja Rotación,5366.348,42.99128571428572,Drinks
DRL37,3,Alta Visibilidad / Baja Rotación,5409.625,43.14842857142857,Drinks
DRL47,3,Alta Visibilidad / Baja Rotación,6795.1548,126.4962,Drinks
DRL49,3,Alta Visibilidad / Baja Rotación,5556.7668,142.7812,Drinks
DRL59,3,Alta Visibilidad / Baja Rotación,1402.1747999999998,54.6798,Drinks
DRL60,3,Alta Visibilidad / Baja Rotación,11282.6468,151.99677142857144,Drinks
DRM11,3,Alta Visibilidad / Baja Rotación,11194.0954,260.7278,Drinks
DRM23,3,Alta Visibilidad / Baja Rotación,19658.4108,172.29934285714288,Drinks
DRM35,3,Alta Visibilidad / Baja Rotación,16415.9648,177.9094,Drinks
DRM37,3,Alta Visibilidad / Baja Rotación,27393.6752,197.2768,Drinks
DRM47,3,Alta Visibilidad / Baja Rotación,17770.8678,191.70126666666667,Drinks
DRM48,3,Alta Visibilidad / Baja Rotación,3504.7712,37.4598,Drinks
DRM49,3,Alta Visibilidad / Baja Rotación,4014.774,44.5286,Drinks
DRM59,3,Alta Visibilidad / Baja Rotación,16302.7788,154.02837142857143,Drinks
DRN11,3,Alta Visibilidad / Baja Rotación,9144.0972,144.1944,Drinks
DRN35,3,Alta Visibilidad / Baja Rotación,4026.7584,36.36986666666667,Drinks
DRN36,3,Alta Visibilidad / Baja Rotación,6711.263999999999,95.4552,Drinks
DRN37,3,Alta Visibilidad / Baja Rotación,10862.527,166.9658,Drinks
DRN47,3,Alta Visibilidad / Baja Rotación,26245.836,179.42155555555556,Drinks
DRN59,3,Alta Visibilidad / Baja Rotación,3215.8140000000003,46.056,Drinks
DRO35,3,Alta Visibilidad / Baja Rotación,10426.428,115.7242,Drinks
DRO47,3,Alta Visibilidad / Baja Rotación,8828.508,113.086,Drinks
DRO59,3,Alta Visibilidad / Baja Rotación,4174.566,76.3262,Drinks
DRP35,3,Alta Visibilidad / Baja Rotación,17385.3696,127.8336,Drinks
DRP47,3,Alta Visibilidad / Baja Rotación,15140.292,252.2632,Drinks
DRQ35,3,Alta Visibilidad / Baja Rotación,18204.3036,123.82451428571429,Drinks
DRY23,3,Alta Visibilidad / Baja Rotación,3025.3952,42.69453333333333,Drinks
DRZ11,3,Alta Visibilidad / Baja Rotación,10526.298,123.02213333333331,Drinks
DRZ24,3,Alta Visibilidad / Baja Rotación,13062.996,120.444,Drinks
FDA01,1,Alto Volumen / Premium,5390.3168000000005,59.13325714285714,Food
FDA02,1,Alto Volumen / Premium,11847.2452,144.16431428571428,Food
FDA03,1,Alto Volumen / Premium,13560.3486,145.3602,Food
FDA04,1,Alto Volumen / Premium,35741.4756,259.0087,Food
FDA07,1,Alto Volumen / Premium,13475.792,122.93577142857144,Food
FDA08,1,Alto Volumen / Premium,12662.8502,164.03593333333333,Food
FDA09,1,Alto Volumen / Premium,15100.344,179.446,Food
FDA10,0,Bajo Volumen / Económico,9188.04,122.4072,Food
FDA11,0,Bajo Volumen / Económico,8319.836800000001,94.0836,Food
FDA13,0,Bajo Volumen / Económico,3908.9118,38.2881,Food
FDA14,0,Bajo Volumen / Económico,3954.852,146.77599999999998,Food
FDA15,0,Bajo Volumen / Económico,41584.5364,249.4967,Food
FDA16,0,Bajo Volumen / Económico,17462.6024,221.2706,Food
FDA19,0,Bajo Volumen / Económico,7067.467,128.45940000000002,Food
FDA20,0,Bajo Volumen / Económico,21065.912,186.24066666666667,Food
FDA21,0,Bajo Volumen / Económico,22951.4576,185.1424,Food
FDA22,0,Bajo Volumen / Económico,11698.106,167.1158,Food
FDA23,0,Bajo Volumen / Económico,11536.9824,101.36826666666668,Food
FDA25,1,Alto Volumen / Premium,7430.327999999999,103.259,Food
FDA26,1,Alto Volumen / Premium,16647.6632,218.8482,Food
FDA27,1,Alto Volumen / Premium,15340.032,256.2472,Food
FDA28,1,Alto Volumen / Premium,12080.2752,126.1862,Food
FDA31,0,Bajo Volumen / Económico,9347.832,172.63299999999998,Food
FDA32,0,Bajo Volumen / Económico,17257.536,215.86205714285717,Food
FDA33,0,Bajo Volumen / Económico,12711.4536,147.2676,Food
FDA34,0,Bajo Volumen / Económico,20080.528,173.348,Food
FDA35,1,Alto Volumen / Premium,11638.184,122.5322,Food
FDA36,0,Bajo Volumen / Económico,7958.9732,185.0424,Food
FDA37,1,Alto Volumen / Premium,6474.2392,123.73793333333332,Food
FDA38,0,Bajo Volumen / Económico,7691.321599999999,240.0788,Food
FDA39,0,Bajo Volumen / Económico,5303.097,39.4822,Food
FDA40,1,Alto Volumen / Premium,4394.28,87.9256,Food
FDA43,0,Bajo Volumen / Económico,12094.9228,195.1794,Food
FDA44,0,Bajo Volumen / Económico,7526.869,56.468,Food
FDA45,0,Bajo Volumen / Económico,13938.523,177.317,Food
FDA46,0,Bajo Volumen / Económico,22940.8048,194.74693333333332,Food
FDA47,1,Alto Volumen / Premium,17290.826,163.271,Food
FDA48,0,Bajo Volumen / Económico,8646.7446,221.7114,Food
FDA49,0,Bajo Volumen / Económico,6279.8256,87.75313333333334,Food
FDA50,0,Bajo Volumen / Económico,9750.641,96.5035,Food
FDA51,1,Alto Volumen / Premium,6375.7008000000005,112.5518,Food
FDA52,1,Alto Volumen / Premium,14467.834,177.497,Food
FDA55,1,Alto Volumen / Premium,13869.9456,224.2338,Food
FDA56,0,Bajo Volumen / Económico,13768.0782,121.9614,Food
FDA57,0,Bajo Volumen / Económico,3036.048,40.748,Food
FDA58,0,Bajo Volumen / Económico,6599.4096,235.52653333333333,Food
FDB02,1,Alto Volumen / Premium,18173.011,175.857,Food
FDB03,1,Alto Volumen / Premium,18266.8888,240.7338,Food
FDB04,1,Alto Volumen / Premium,10546.272,88.3856,Food
FDB05,0,Bajo Volumen / Económico,12383.88,246.6276,Food
FDB08,0,Bajo Volumen / Económico,13638.913,160.32446666666667,Food
FDB09,0,Bajo Volumen / Económico,5229.1932,125.0446,Food
FDB10,0,Bajo Volumen / Económico,4254.462,234.609,Food
FDB11,0,Bajo Volumen / Económico,22278.9996,225.3404,Food
FDB12,1,Alto Volumen / Premium,8724.6432,103.6848,Food
FDB14,1,Alto Volumen / Premium,10532.956,93.06914285714286,Food
FDB15,0,Bajo Volumen / Económico,27156.6504,263.8139428571429,Food
FDB16,0,Bajo Volumen / Económico,5756.5068,87.7398,Food
FDB17,0,Bajo Volumen / Económico,25534.7616,180.6476,Food
FDB20,0,Bajo Volumen / Económico,5842.395,78.1386,Food
FDB21,0,Bajo Volumen / Económico,21510.0006,242.0254,Food
FDB22,0,Bajo Volumen / Económico,11073.5856,153.8998,Food
FDB23,1,Alto Volumen / Premium,21216.3828,225.57286666666667,Food
FDB26,1,Alto Volumen / Premium,4420.912,53.084,Food
FDB27,0,Bajo Volumen / Económico,19904.7568,196.9101333333333,Food
FDB28,0,Bajo Volumen / Económico,7909.704000000001,197.6176,Food
FDB29,1,Alto Volumen / Premium,9390.443200000002,114.2176,Food
FDB32,0,Bajo Volumen / Económico,9763.2912,94.1778,Food
FDB33,0,Bajo Volumen / Económico,14480.4842,159.08620000000002,Food
FDB34,0,Bajo Volumen / Económico,10640.8156,86.29122857142856,Food
FDB35,1,Alto Volumen / Premium,8177.3556,92.49706666666668,Food
FDB36,1,Alto Volumen / Premium,15083.699,131.50545714285713,Food
FDB37,1,Alto Volumen / Premium,25717.8566,240.97380000000004,Food
FDB38,1,Alto Volumen / Premium,12144.192,159.292,Food
FDB39,0,Bajo Volumen / Económico,3355.632,57.0072,Food
FDB40,1,Alto Volumen / Premium,15018.450599999998,145.34353333333334,Food
FDB41,1,Alto Volumen / Premium,3592.6568,47.4718,Food
FDB44,0,Bajo Volumen / Económico,17728.9224,210.5786,Food
FDB45,0,Bajo Volumen / Económico,7421.6726,104.69726666666668,Food
FDB46,1,Alto Volumen / Premium,14397.2592,212.0744,Food
FDB47,0,Bajo Volumen / Económico,4599.3464,209.9112,Food
FDB49,1,Alto Volumen / Premium,8178.6872,98.2884,Food
FDB50,0,Bajo Volumen / Económico,7322.4684,77.6386,Food
FDB51,0,Bajo Volumen / Económico,5069.4012,62.351866666666666,Food
FDB52,0,Bajo Volumen / Económico,14828.6976,256.9072,Food
FDB53,0,Bajo Volumen / Económico,17598.425600000002,148.25920000000002,Food
FDB56,1,Alto Volumen / Premium,26849.0508,187.44131428571427,Food
FDB57,1,Alto Volumen / Premium,20458.7024,221.79720000000003,Food
FDB58,1,Alto Volumen / Premium,15741.5094,142.14397142857143,Food
FDB59,0,Bajo Volumen / Económico,12499.7292,198.3684,Food
FDB60,0,Bajo Volumen / Económico,16330.7424,195.0136,Food
FDC02,0,Bajo Volumen / Económico,27334.419,259.1444666666667,Food
FDC03,1,Alto Volumen / Premium,12875.2404,194.8794,Food
FDC04,0,Bajo Volumen / Económico,12567.6408,242.0054,Food
FDC05,1,Alto Volumen / Premium,11430.4544,197.2768,Food
FDC08,1,Alto Volumen / Premium,17657.016,226.88866666666664,Food
FDC09,1,Alto Volumen / Premium,4408.9276,102.2932,Food
FDC10,1,Alto Volumen / Premium,5543.4508,120.0498,Food
FDC11,0,Bajo Volumen / Económico,8029.548,89.7422,Food
FDC14,1,Alto Volumen / Premium,4488.1578,41.5079,Food
FDC15,0,Bajo Volumen / Económico,6756.5384,157.3288,Food
FDC16,1,Alto Volumen / Premium,9694.048,86.22542857142857,Food
FDC17,0,Bajo Volumen / Económico,31979.7056,211.0785142857143,Food
FDC20,0,Bajo Volumen / Económico,3020.0688,56.110533333333336,Food
FDC21,1,Alto Volumen / Premium,4449.5414,108.9854,Food
FDC22,1,Alto Volumen / Premium,14094.986,194.022,Food
FDC23,0,Bajo Volumen / Económico,3199.8348,178.3686,Food
FDC26,0,Bajo Volumen / Económico,5892.9958,111.0886,Food
FDC28,0,Bajo Volumen / Económico,6945.6256,108.9454,Food
FDC29,1,Alto Volumen / Premium,13627.5944,114.10331428571428,Food
FDC32,0,Bajo Volumen / Económico,6200.5954,92.4062,Food
FDC33,1,Alto Volumen / Premium,21481.3712,196.76013333333333,Food
FDC34,1,Alto Volumen / Premium,17293.4892,155.91386666666668,Food
FDC35,0,Bajo Volumen / Económico,14494.466,207.08046666666667,Food
FDC37,0,Bajo Volumen / Económico,5574.0776000000005,107.26046666666667,Food
FDC38,0,Bajo Volumen / Económico,8214.6404,132.89419999999998,Food
FDC39,0,Bajo Volumen / Económico,14125.6128,207.1046,Food
FDC40,1,Alto Volumen / Premium,6543.4824,77.9786,Food
FDC41,0,Bajo Volumen / Económico,8881.771999999999,76.93842857142856,Food
FDC44,0,Bajo Volumen / Económico,14573.0304,114.38513333333331,Food
FDC45,0,Bajo Volumen / Económico,10095.5254,171.19393333333335,Food
FDC46,0,Bajo Volumen / Económico,26557.4304,183.8266,Food
FDC47,0,Bajo Volumen / Económico,23293.6788,228.4194,Food
FDC48,0,Bajo Volumen / Económico,5614.0256,83.13419999999999,Food
FDC50,0,Bajo Volumen / Económico,11996.3844,94.72368571428572,Food
FDC51,1,Alto Volumen / Premium,10716.051,122.713,Food
FDC52,1,Alto Volumen / Premium,6169.3028,150.4958,Food
FDC53,0,Bajo Volumen / Económico,7488.9184,98.45506666666668,Food
FDC56,0,Bajo Volumen / Económico,6591.42,119.91066666666666,Food
FDC57,1,Alto Volumen / Premium,7530.198,193.857,Food
FDC58,0,Bajo Volumen / Económico,2988.1104,44.2028,Food
FDC59,1,Alto Volumen / Premium,7030.848,64.5168,Food
FDC60,1,Alto Volumen / Premium,4604.6728,88.1514,Food
FDD02,0,Bajo Volumen / Económico,9836.5292,117.95239999999998,Food
FDD03,0,Bajo Volumen / Económico,14913.92,232.99,Food
FDD04,0,Bajo Volumen / Económico,10494.3396,142.74873333333332,Food
FDD05,0,Bajo Volumen / Económico,17594.4308,121.2348,Food
FDD08,0,Bajo Volumen / Económico,3757.1094,37.53393333333333,Food
FDD09,0,Bajo Volumen / Económico,19739.6384,180.7476,Food
FDD10,1,Alto Volumen / Premium,12490.408,177.80582857142858,Food
FDD11,0,Bajo Volumen / Económico,18216.288,253.404,Food
FDD14,0,Bajo Volumen / Económico,14569.7014,183.9932666666667,Food
FDD16,0,Bajo Volumen / Económico,3206.4928,74.6696,Food
FDD17,0,Bajo Volumen / Económico,24244.4412,238.1048857142857,Food
FDD20,0,Bajo Volumen / Económico,9088.8358,124.73793333333332,Food
FDD21,1,Alto Volumen / Premium,15688.9112,114.20093333333334,Food
FDD22,0,Bajo Volumen / Económico,6711.263999999999,113.5544,Food
FDD23,1,Alto Volumen / Premium,9915.7594,186.7231333333333,Food
FDD26,1,Alto Volumen / Premium,15547.7616,184.95906666666667,Food
FDD28,0,Bajo Volumen / Económico,4101.328,59.1654,Food
FDD29,0,Bajo Volumen / Económico,32469.7344,253.3448,Food
FDD32,1,Alto Volumen / Premium,3086.6488,81.46093333333333,Food
FDD33,0,Bajo Volumen / Económico,17194.950800000002,233.1142,Food
FDD34,0,Bajo Volumen / Económico,12234.075,162.381,Food
FDD35,0,Bajo Volumen / Económico,11624.868,119.844,Food
FDD36,0,Bajo Volumen / Económico,6044.1324,119.4374,Food
FDD38,1,Alto Volumen / Premium,13650.2316,101.9674,Food
FDD39,0,Bajo Volumen / Económico,25966.2,217.01357142857145,Food
FDD40,1,Alto Volumen / Premium,20588.5334,192.89953333333327,Food
FDD41,1,Alto Volumen / Premium,10348.5294,105.59726666666668,Food
FDD44,1,Alto Volumen / Premium,32723.4042,257.64793333333336,Food
FDD45,0,Bajo Volumen / Económico,5956.2468,94.9186,Food
FDD46,0,Bajo Volumen / Económico,10150.7868,154.36646666666667,Food
FDD47,1,Alto Volumen / Premium,19260.2624,171.92813333333334,Food
FDD48,0,Bajo Volumen / Económico,4008.116,115.5176,Food
FDD50,0,Bajo Volumen / Económico,21815.6028,168.89891428571428,Food
FDD51,0,Bajo Volumen / Económico,2716.464,44.77439999999999,Food
FDD52,1,Alto Volumen / Premium,10546.272,110.12366666666668,Food
FDD53,0,Bajo Volumen / Económico,2223.1062,42.8054,Food
FDD56,1,Alto Volumen / Premium,16284.8022,176.5054,Food
FDD57,0,Bajo Volumen / Económico,10092.1964,95.2094,Food
FDD58,0,Bajo Volumen / Económico,7789.86,99.92,Food
FDD59,1,Alto Volumen / Premium,6231.888,79.846,Food
FDE02,0,Bajo Volumen / Económico,8824.5132,93.7978,Food
FDE04,1,Alto Volumen / Premium,14740.812,180.16600000000005,Food
FDE05,1,Alto Volumen / Premium,12393.867,145.9435333333333,Food
FDE08,0,Bajo Volumen / Económico,11283.9784,147.77339999999998,Food
FDE09,0,Bajo Volumen / Económico,4863.0032,110.5628,Food
FDE10,1,Alto Volumen / Premium,10361.8454,131.5959333333333,Food
FDE11,1,Alto Volumen / Premium,27208.5828,184.5424,Food
FDE14,1,Alto Volumen / Premium,9387.78,99.29,Food
FDE16,0,Bajo Volumen / Económico,27924.9836,208.36682857142856,Food
FDE17,1,Alto Volumen / Premium,17229.5724,151.4508857142857,Food
FDE20,1,Alto Volumen / Premium,16977.9,168.999,Food
FDE21,0,Bajo Volumen / Económico,6835.102800000001,116.01586666666668,Food
FDE22,0,Bajo Volumen / Económico,8628.768,159.332,Food
FDE23,1,Alto Volumen / Premium,4427.570000000001,46.686,Food
FDE24,0,Bajo Volumen / Económico,9973.684,141.86453333333333,Food
FDE26,0,Bajo Volumen / Económico,9824.5448,144.1586,Food
FDE28,1,Alto Volumen / Premium,14513.1084,229.9668,Food
FDE29,0,Bajo Volumen / Económico,6301.1312,61.1378,Food
FDE32,0,Bajo Volumen / Económico,3339.6528,38.51726666666666,Food
FDE33,1,Alto Volumen / Premium,8642.084,78.8644,Food
FDE34,0,Bajo Volumen / Económico,17812.8132,182.5634,Food
FDE35,1,Alto Volumen / Premium,3808.376,59.2704,Food
FDE36,1,Alto Volumen / Premium,24076.6596,163.3868,Food
FDE38,0,Bajo Volumen / Económico,7294.5048,164.3342,Food
FDE39,0,Bajo Volumen / Económico,5482.1972000000005,119.2782,Food
FDE40,1,Alto Volumen / Premium,5077.3908,62.4194,Food
FDE41,1,Alto Volumen / Premium,6595.4148000000005,84.72326666666667,Food
FDE44,0,Bajo Volumen / Económico,3990.8052,49.8892,Food
FDE45,0,Bajo Volumen / Económico,15581.7174,178.8002,Food
FDE46,0,Bajo Volumen / Económico,8614.786199999999,151.90326666666667,Food
FDE47,0,Bajo Volumen / Económico,7843.7898,124.8546,Food
FDE50,1,Alto Volumen / Premium,10702.0692,188.0222666666667,Food
FDE51,1,Alto Volumen / Premium,3613.2966,43.96574285714286,Food
FDE52,1,Alto Volumen / Premium,3453.5046,88.9514,Food
FDE53,0,Bajo Volumen / Económico,5965.568,106.608,Food
FDE56,1,Alto Volumen / Premium,5139.3102,62.644400000000005,Food
FDE57,0,Bajo Volumen / Económico,12337.9398,141.3404,Food
FDE58,0,Bajo Volumen / Económico,9599.5044,119.0874,Food
FDE59,0,Bajo Volumen / Económico,2840.3028,35.36986666666667,Food
FDF02,0,Bajo Volumen / Económico,4953.552000000001,101.73233333333332,Food
FDF04,0,Bajo Volumen / Económico,30224.6568,258.1179,Food
FDF05,0,Bajo Volumen / Económico,36555.749,262.891,Food
FDF08,1,Alto Volumen / Premium,7470.276,89.11893333333335,Food
FDF09,0,Bajo Volumen / Económico,2535.3664,37.8348,Food
FDF10,1,Alto Volumen / Premium,8092.799,147.6668,Food
FDF11,1,Alto Volumen / Premium,16103.7046,239.7138,Food
FDF12,0,Bajo Volumen / Económico,14632.9524,148.4076,Food
FDF14,0,Bajo Volumen / Económico,9647.442,152.484,Food
FDF16,0,Bajo Volumen / Económico,15371.9904,147.7701,Food
FDF17,0,Bajo Volumen / Económico,9624.139,196.8443333333333,Food
FDF20,0,Bajo Volumen / Económico,19707.68,197.1601333333333,Food
FDF21,1,Alto Volumen / Premium,26185.914,189.753,Food
FDF22,0,Bajo Volumen / Económico,25860.3378,213.0968,Food
FDF24,1,Alto Volumen / Premium,9499.6344,82.77673333333333,Food
FDF26,1,Alto Volumen / Premium,12765.3834,154.2331333333333,Food
FDF28,1,Alto Volumen / Premium,6972.2576,124.03793333333334,Food
FDF29,1,Alto Volumen / Premium,10775.973,129.691,Food
FDF32,0,Bajo Volumen / Económico,9096.1596,197.7026,Food
FDF33,0,Bajo Volumen / Económico,9168.066,107.8196,Food
FDF34,1,Alto Volumen / Premium,16666.3056,198.47506666666663,Food
FDF35,0,Bajo Volumen / Económico,7825.1474,106.8338,Food
FDF38,1,Alto Volumen / Premium,771.6622,40.1138,Food
FDF39,1,Alto Volumen / Premium,21828.253,262.31600000000003,Food
FDF40,1,Alto Volumen / Premium,15687.5796,248.8092,Food
FDF41,0,Bajo Volumen / Económico,23895.562,246.396,Food
FDF44,1,Alto Volumen / Premium,16964.584,130.8168,Food
FDF45,1,Alto Volumen / Premium,6269.1728,58.3904,Food
FDF46,0,Bajo Volumen / Económico,9099.4886,114.9834,Food
FDF47,0,Bajo Volumen / Económico,10096.857,224.0746,Food
FDF50,0,Bajo Volumen / Económico,10642.1472,197.4768,Food
FDF52,0,Bajo Volumen / Económico,19884.7828,183.0403111111111,Food
FDF53,1,Alto Volumen / Premium,14254.1122,180.03179999999998,Food
FDF56,1,Alto Volumen / Premium,26983.5424,181.2976,Food
FDF57,1,Alto Volumen / Premium,16703.5904,169.9448,Food
FDF58,0,Bajo Volumen / Económico,2909.5460000000003,63.88433333333334,Food
FDF59,0,Bajo Volumen / Económico,5439.586,126.452,Food
FDG02,0,Bajo Volumen / Económico,9711.3588,190.1988,Food
FDG04,0,Bajo Volumen / Económico,8980.3104,186.7148,Food
FDG05,1,Alto Volumen / Premium,9231.317,156.163,Food
FDG08,1,Alto Volumen / Premium,18551.8512,171.74782857142856,Food
FDG09,1,Alto Volumen / Premium,28538.8512,187.22226666666663,Food
FDG10,1,Alto Volumen / Premium,2748.4224,57.04213333333333,Food
FDG12,1,Alto Volumen / Premium,12533.0192,121.37646666666666,Food
FDG14,1,Alto Volumen / Premium,12903.204,151.33573333333334,Food
FDG16,0,Bajo Volumen / Económico,18120.4128,215.45253333333332,Food
FDG17,1,Alto Volumen / Premium,21258.3282,244.8236,Food
FDG20,1,Alto Volumen / Premium,6552.803599999999,177.5628,Food
FDG21,1,Alto Volumen / Premium,17826.795,149.63833333333335,Food
FDG22,1,Alto Volumen / Premium,2526.711,37.069,Food
FDG24,0,Bajo Volumen / Económico,11901.175,83.6125,Food
FDG26,0,Bajo Volumen / Económico,21788.305,256.49966666666666,Food
FDG28,1,Alto Volumen / Premium,5145.3024,246.0144,Food
FDG29,0,Bajo Volumen / Económico,3145.905,41.7954,Food
FDG31,0,Bajo Volumen / Económico,4908.277599999999,64.29926666666667,Food
FDG32,0,Bajo Volumen / Económico,23571.9832,222.30577142857143,Food
FDG33,1,Alto Volumen / Premium,22846.2612,172.2964,Food
FDG34,1,Alto Volumen / Premium,9224.659,107.8111142857143,Food
FDG35,1,Alto Volumen / Premium,9383.7852,174.09380000000002,Food
FDG38,1,Alto Volumen / Premium,14146.9184,85.2099,Food
FDG40,0,Bajo Volumen / Económico,2308.9944,32.9808,Food
FDG41,1,Alto Volumen / Premium,6078.754,110.5478,Food
FDG44,0,Bajo Volumen / Económico,6687.2952000000005,54.74646666666666,Food
FDG45,0,Bajo Volumen / Económico,25486.824,212.10686666666663,Food
FDG46,1,Alto Volumen / Premium,12865.2534,114.26846666666668,Food
FDG47,0,Bajo Volumen / Económico,22559.9672,261.80853333333334,Food
FDG50,0,Bajo Volumen / Económico,7844.4556,90.77174285714284,Food
FDG52,0,Bajo Volumen / Económico,3858.9768,46.8802,Food
FDG53,0,Bajo Volumen / Económico,8948.352,139.90133333333333,Food
FDG56,1,Alto Volumen / Premium,8820.518399999999,61.08693333333334,Food
FDG57,0,Bajo Volumen / Económico,5054.7536,48.7159,Food
FDG58,1,Alto Volumen / Premium,7789.86,155.9222,Food
FDG59,0,Bajo Volumen / Económico,3089.312,38.19973333333333,Food
FDG60,0,Bajo Volumen / Económico,22967.4368,233.7216,Food
FDH02,1,Alto Volumen / Premium,5523.4768,91.1688,Food
FDH04,1,Alto Volumen / Premium,4527.44,91.0488,Food
FDH05,1,Alto Volumen / Premium,24096.6336,231.76506666666668,Food
FDH08,0,Bajo Volumen / Económico,12403.854,229.026,Food
FDH09,0,Bajo Volumen / Económico,3366.2848,51.9782,Food
FDH10,0,Bajo Volumen / Económico,16468.563000000002,193.5853,Food
FDH12,0,Bajo Volumen / Económico,5219.871999999999,106.103,Food
FDH14,1,Alto Volumen / Premium,11379.1878,141.25522857142855,Food
FDH16,0,Bajo Volumen / Económico,7280.523,89.223,Food
FDH17,1,Alto Volumen / Premium,9689.3874,97.11545714285715,Food
FDH19,0,Bajo Volumen / Económico,20679.0822,173.5452285714286,Food
FDH20,1,Alto Volumen / Premium,10136.805,96.891,Food
FDH21,0,Bajo Volumen / Económico,15212.1984,158.67468571428572,Food
FDH22,0,Bajo Volumen / Económico,4069.3696,128.4678,Food
FDH24,0,Bajo Volumen / Económico,12256.0464,156.94879999999998,Food
FDH26,1,Alto Volumen / Premium,13691.5112,141.52102857142856,Food
FDH27,0,Bajo Volumen / Económico,12655.5264,143.4878,Food
FDH28,1,Alto Volumen / Premium,3984.813,37.6756,Food
FDH31,1,Alto Volumen / Premium,6249.8646,98.5642,Food
FDH32,0,Bajo Volumen / Económico,12936.494,96.80766666666666,Food
FDH33,0,Bajo Volumen / Económico,6064.1064,44.0678,Food
FDH34,0,Bajo Volumen / Económico,16718.238,185.4182,Food
FDH35,0,Bajo Volumen / Económico,13814.0184,164.66926666666666,Food
FDH38,0,Bajo Volumen / Económico,12303.984,116.2308,Food
FDH40,1,Alto Volumen / Premium,6904.346,80.94426666666666,Food
FDH41,0,Bajo Volumen / Económico,17634.3788,214.4367333333333,Food
FDH44,1,Alto Volumen / Premium,11329.9186,147.3418,Food
FDH45,1,Alto Volumen / Premium,2930.8516,42.3296,Food
FDH46,1,Alto Volumen / Premium,4306.3944,102.8332,Food
FDH47,1,Alto Volumen / Premium,8845.818800000001,96.69013333333334,Food
FDH48,0,Bajo Volumen / Económico,6231.888,85.78257142857144,Food
FDH50,1,Alto Volumen / Premium,21209.059,185.09802857142856,Food
FDH52,1,Alto Volumen / Premium,2724.4536,61.28606666666667,Food
FDH53,1,Alto Volumen / Premium,7182.6504,83.5092,Food
FDH56,1,Alto Volumen / Premium,9847.182,115.99205714285712,Food
FDH57,0,Bajo Volumen / Económico,15028.4376,132.15697142857144,Food
FDH58,0,Bajo Volumen / Económico,13706.8246,115.61673333333334,Food
FDH60,1,Alto Volumen / Premium,18659.045,196.79433333333336,Food
FDI02,1,Alto Volumen / Premium,7538.8534,112.9702,Food
FDI04,1,Alto Volumen / Premium,21356.2008,197.9283142857143,Food
FDI05,1,Alto Volumen / Premium,4589.359399999999,75.83539999999999,Food
FDI07,1,Alto Volumen / Premium,21553.9434,197.8426,Food
FDI08,1,Alto Volumen / Premium,22908.8464,248.8092,Food
FDI09,1,Alto Volumen / Premium,16059.096,239.663,Food
FDI10,1,Alto Volumen / Premium,9829.2054,172.6422,Food
FDI12,1,Alto Volumen / Premium,4570.0512,88.4606,Food
FDI14,0,Bajo Volumen / Económico,13832.6608,140.36388571428571,Food
FDI15,0,Bajo Volumen / Económico,23848.956,263.9384,Food
FDI16,1,Alto Volumen / Premium,6125.360000000001,53.580666666666666,Food
FDI19,0,Bajo Volumen / Económico,23508.0664,243.03453333333331,Food
FDI20,0,Bajo Volumen / Económico,26171.2664,211.2443142857143,Food
FDI21,1,Alto Volumen / Premium,7222.598400000001,63.24537142857143,Food
FDI22,0,Bajo Volumen / Económico,26550.7724,209.5862,Food
FDI24,0,Bajo Volumen / Económico,17820.137000000002,177.217,Food
FDI26,0,Bajo Volumen / Económico,19270.9152,178.30582857142858,Food
FDI27,1,Alto Volumen / Premium,2761.7384,43.7244,Food
FDI28,0,Bajo Volumen / Económico,7209.9482,78.71353333333333,Food
FDI32,0,Bajo Volumen / Económico,13937.1914,115.34054285714286,Food
FDI33,0,Bajo Volumen / Económico,12131.5418,91.2146,Food
FDI34,1,Alto Volumen / Premium,23036.68,230.5168,Food
FDI35,0,Bajo Volumen / Económico,12178.1478,181.7634,Food
FDI36,1,Alto Volumen / Premium,5932.277999999999,198.3426,Food
FDI38,1,Alto Volumen / Premium,19463.9972,207.2838,Food
FDI40,1,Alto Volumen / Premium,8143.3998,100.2158,Food
FDI41,1,Alto Volumen / Premium,20452.7102,147.1043,Food
FDI44,0,Bajo Volumen / Económico,6024.1584,77.0328,Food
FDI45,0,Bajo Volumen / Económico,20487.3318,174.99111428571427,Food
FDI46,0,Bajo Volumen / Económico,15100.344,252.7124,Food
FDI48,1,Alto Volumen / Premium,2819.663,51.5916,Food
FDI50,1,Alto Volumen / Premium,31377.8224,228.6852,Food
FDI52,0,Bajo Volumen / Económico,9433.0544,121.79053333333331,Food
FDI53,1,Alto Volumen / Premium,5478.2024,162.2236,Food
FDI56,0,Bajo Volumen / Económico,10672.1082,91.79793333333332,Food
FDI57,0,Bajo Volumen / Económico,28773.2128,196.60537142857143,Food
FDI58,1,Alto Volumen / Premium,5872.356,92.837,Food
FDI60,1,Alto Volumen / Premium,4617.323,62.51766666666666,Food
FDJ02,1,Alto Volumen / Premium,5591.3884,147.3418,Food
FDJ03,1,Alto Volumen / Premium,2611.2676,48.5942,Food
FDJ04,0,Bajo Volumen / Económico,8414.3804,118.4624,Food
FDJ07,0,Bajo Volumen / Económico,5709.235,117.365,Food
FDJ08,0,Bajo Volumen / Económico,14522.4296,190.4646,Food
FDJ09,0,Bajo Volumen / Económico,4165.2448,45.24582857142857,Food
FDJ10,1,Alto Volumen / Premium,13767.4124,140.9004666666667,Food
FDJ12,1,Alto Volumen / Premium,14333.3424,208.0296,Food
FDJ14,1,Alto Volumen / Premium,3675.216,78.896,Food
FDJ15,1,Alto Volumen / Premium,22602.5784,182.9608,Food
FDJ16,0,Bajo Volumen / Económico,5560.7616,59.1446,Food
FDJ20,1,Alto Volumen / Premium,6811.134,123.8388,Food
FDJ21,1,Alto Volumen / Premium,25225.1646,145.5959142857143,Food
FDJ22,0,Bajo Volumen / Económico,13806.0288,191.59325714285717,Food
FDJ26,1,Alto Volumen / Premium,13891.917,215.1618,Food
FDJ27,1,Alto Volumen / Premium,6519.5136,102.3924,Food
FDJ28,0,Bajo Volumen / Económico,10967.7234,192.1912,Food
FDJ32,0,Bajo Volumen / Económico,2878.9192,61.4286,Food
FDJ33,1,Alto Volumen / Premium,9977.013,122.948,Food
FDJ34,1,Alto Volumen / Premium,10138.8024,125.93706666666668,Food
FDJ36,1,Alto Volumen / Premium,6972.2576,102.9732,Food
FDJ38,1,Alto Volumen / Premium,22770.36,190.053,Food
FDJ40,1,Alto Volumen / Premium,7425.0016,109.15786666666666,Food
FDJ41,0,Bajo Volumen / Económico,18839.4768,261.44273333333336,Food
FDJ44,1,Alto Volumen / Premium,20758.312400000003,174.4271,Food
FDJ45,0,Bajo Volumen / Económico,4673.916,34.45017142857143,Food
FDJ46,0,Bajo Volumen / Económico,12432.4834,174.2054,Food
FDJ48,0,Bajo Volumen / Económico,25936.239,246.56894285714287,Food
FDJ50,0,Bajo Volumen / Económico,2945.4992,52.031533333333336,Food
FDJ52,0,Bajo Volumen / Económico,10590.2148,160.39780000000002,Food
FDJ53,0,Bajo Volumen / Económico,9038.235,120.54313333333332,Food
FDJ55,1,Alto Volumen / Premium,33531.0196,224.7279,Food
FDJ56,0,Bajo Volumen / Económico,7989.599999999999,100.25,Food
FDJ57,1,Alto Volumen / Premium,21547.9512,185.51534285714288,Food
FDJ58,1,Alto Volumen / Premium,20269.6152,171.9139,Food
FDJ60,1,Alto Volumen / Premium,15190.8928,164.68506666666667,Food
FDK02,0,Bajo Volumen / Económico,8868.456,119.81066666666668,Food
FDK03,1,Alto Volumen / Premium,34843.9772,255.06417142857143,Food
FDK04,0,Bajo Volumen / Económico,3721.822,56.4588,Food
FDK08,1,Alto Volumen / Premium,7994.926399999999,100.5873142857143,Food
FDK09,0,Bajo Volumen / Económico,18093.7808,228.51853333333332,Food
FDK10,1,Alto Volumen / Premium,12224.088,180.246,Food
FDK14,0,Bajo Volumen / Económico,5978.2182,82.76006666666666,Food
FDK15,0,Bajo Volumen / Económico,10118.8284,99.18753333333332,Food
FDK16,0,Bajo Volumen / Económico,11044.2904,95.3294,Food
FDK20,1,Alto Volumen / Premium,18131.0656,122.4197,Food
FDK21,0,Bajo Volumen / Económico,23281.6944,249.66937142857145,Food
FDK22,0,Bajo Volumen / Económico,12333.945,216.425,Food
FDK24,0,Bajo Volumen / Económico,4301.068,45.64106666666667,Food
FDK25,1,Alto Volumen / Premium,20213.688,168.08073333333334,Food
FDK26,1,Alto Volumen / Premium,21811.608,185.9954285714286,Food
FDK27,0,Bajo Volumen / Económico,8603.4676,120.9556,Food
FDK28,0,Bajo Volumen / Económico,23705.1432,257.66459999999995,Food
FDK32,1,Alto Volumen / Premium,10825.2422,153.20153333333334,Food
FDK33,0,Bajo Volumen / Económico,20666.432,212.856,Food
FDK34,0,Bajo Volumen / Económico,22167.1452,238.62306666666663,Food
FDK36,0,Bajo Volumen / Económico,4082.6856,48.2834,Food
FDK38,0,Bajo Volumen / Económico,15589.707,148.9734,Food
FDK40,0,Bajo Volumen / Económico,31821.911,263.2195714285714,Food
FDK41,0,Bajo Volumen / Económico,8096.128,85.33906666666667,Food
FDK43,0,Bajo Volumen / Económico,11385.18,127.03533333333333,Food
FDK44,0,Bajo Volumen / Económico,11121.5232,174.2138,Food
FDK45,0,Bajo Volumen / Económico,9394.438,112.11933333333332,Food
FDK46,0,Bajo Volumen / Económico,7789.860000000001,258.2953333333333,Food
FDK48,0,Bajo Volumen / Económico,8501.6002,75.4354,Food
FDK50,0,Bajo Volumen / Económico,12295.9944,162.1144,Food
FDK51,0,Bajo Volumen / Económico,25968.8632,265.4169714285714,Food
FDK52,0,Bajo Volumen / Económico,22796.3262,225.2562,Food
FDK55,0,Bajo Volumen / Económico,5977.5524000000005,88.63386666666666,Food
FDK56,0,Bajo Volumen / Económico,10102.8492,185.6648,Food
FDK57,0,Bajo Volumen / Económico,4434.228,120.044,Food
FDK58,1,Alto Volumen / Premium,14370.6272,101.9266,Food
FDK60,1,Alto Volumen / Premium,6610.0624,96.5068,Food
FDL02,1,Alto Volumen / Premium,6775.1808,106.8622,Food
FDL03,1,Alto Volumen / Premium,13945.181,196.231,Food
FDL04,0,Bajo Volumen / Económico,11433.1176,105.79553333333332,Food
FDL08,0,Bajo Volumen / Económico,21806.2816,245.33106666666663,Food
FDL09,1,Alto Volumen / Premium,9899.1144,167.8816,Food
FDL10,0,Bajo Volumen / Económico,12797.3418,99.1292,Food
FDL12,1,Alto Volumen / Premium,5093.37,59.802,Food
FDL13,1,Alto Volumen / Premium,19341.49,233.1157142857143,Food
FDL14,1,Alto Volumen / Premium,7634.0628,155.6472,Food
FDL15,0,Bajo Volumen / Económico,3811.705,152.9682,Food
FDL16,0,Bajo Volumen / Económico,3075.996,46.566,Food
FDL20,0,Bajo Volumen / Económico,16455.9128,111.7386,Food
FDL21,1,Alto Volumen / Premium,2756.412,40.208,Food
FDL22,0,Bajo Volumen / Económico,10232.0144,91.07737142857142,Food
FDL24,1,Alto Volumen / Premium,26038.7722,172.52553333333333,Food
FDL25,1,Alto Volumen / Premium,2021.3688,91.8804,Food
FDL26,0,Bajo Volumen / Económico,14021.748,156.1222,Food
FDL27,0,Bajo Volumen / Económico,4649.9472000000005,65.3826,Food
FDL28,1,Alto Volumen / Premium,4607.336,230.1668,Food
FDL32,1,Alto Volumen / Premium,4586.030400000001,111.0944,Food
FDL33,0,Bajo Volumen / Económico,13897.9092,195.36186666666663,Food
FDL34,0,Bajo Volumen / Económico,25124.6288,141.4996,Food
FDL36,0,Bajo Volumen / Económico,7010.874,89.69728571428571,Food
FDL38,1,Alto Volumen / Premium,9992.3264,89.28862857142857,Food
FDL39,1,Alto Volumen / Premium,14254.1122,180.91513333333333,Food
FDL40,0,Bajo Volumen / Económico,7337.116,96.0552857142857,Food
FDL43,0,Bajo Volumen / Económico,8116.102,76.717,Food
FDL44,0,Bajo Volumen / Económico,15855.3612,161.86939999999998,Food
FDL45,0,Bajo Volumen / Económico,14394.596,125.03706666666666,Food
FDL46,0,Bajo Volumen / Económico,8602.8018,117.93231428571428,Food
FDL48,1,Alto Volumen / Premium,3839.6686,48.33197142857143,Food
FDL50,1,Alto Volumen / Premium,5727.2116,125.1046,Food
FDL51,1,Alto Volumen / Premium,16936.6204,214.30426666666665,Food
FDL52,1,Alto Volumen / Premium,3415.554,38.39345714285714,Food
FDL56,0,Bajo Volumen / Económico,9158.079000000002,87.26979999999999,Food
FDL57,1,Alto Volumen / Premium,26866.3616,258.7304,Food
FDL58,1,Alto Volumen / Premium,30584.1888,263.9568,Food
FDM01,1,Alto Volumen / Premium,12611.5836,102.7332,Food
FDM02,1,Alto Volumen / Premium,4884.308800000001,87.0598,Food
FDM03,0,Bajo Volumen / Económico,8253.9226,107.8538,Food
FDM04,1,Alto Volumen / Premium,5331.7264,51.8166,Food
FDM08,1,Alto Volumen / Premium,22370.88,224.32308571428567,Food
FDM09,1,Alto Volumen / Premium,5432.928,169.529,Food
FDM10,0,Bajo Volumen / Económico,14746.8042,213.9218,Food
FDM12,1,Alto Volumen / Premium,3580.0066,189.15473333333333,Food
FDM13,0,Bajo Volumen / Económico,4459.5284,132.02259999999998,Food
FDM14,0,Bajo Volumen / Económico,6402.998600000001,107.95873333333331,Food
FDM15,1,Alto Volumen / Premium,18287.5286,151.09374285714284,Food
FDM16,1,Alto Volumen / Premium,2934.1806,75.4854,Food
FDM20,0,Bajo Volumen / Económico,24746.4544,245.31440000000003,Food
FDM21,0,Bajo Volumen / Económico,23705.1432,257.7446,Food
FDM22,1,Alto Volumen / Premium,4101.328,53.664,Food
FDM24,1,Alto Volumen / Premium,11032.9718,152.2966,Food
FDM25,1,Alto Volumen / Premium,17049.8064,174.68786666666665,Food
FDM27,1,Alto Volumen / Premium,11992.3896,157.7346,Food
FDM28,0,Bajo Volumen / Económico,9887.13,180.18266666666668,Food
FDM32,0,Bajo Volumen / Económico,3145.905,89.93299999999999,Food
FDM33,0,Bajo Volumen / Económico,15646.965799999998,220.2048,Food
FDM34,0,Bajo Volumen / Económico,7345.1056,131.9626,Food
FDM36,1,Alto Volumen / Premium,17589.1044,171.98505714285716,Food
FDM38,1,Alto Volumen / Premium,2524.7136,53.9482,Food
FDM39,0,Bajo Volumen / Económico,19163.7214,178.2602,Food
FDM40,0,Bajo Volumen / Económico,5814.4314,142.6154,Food
FDM44,0,Bajo Volumen / Económico,7120.731,103.97042857142856,Food
FDM45,1,Alto Volumen / Premium,10421.1016,120.8156,Food
FDM46,0,Bajo Volumen / Económico,8855.14,93.912,Food
FDM50,1,Alto Volumen / Premium,5213.214,60.182,Food
FDM51,1,Alto Volumen / Premium,9066.1986,101.93406666666664,Food
FDM52,0,Bajo Volumen / Económico,11085.57,147.5576,Food
FDM56,0,Bajo Volumen / Económico,4367.647999999999,109.8512,Food
FDM57,1,Alto Volumen / Premium,4613.994000000001,84.2158,Food
FDM58,1,Alto Volumen / Premium,15435.9072,111.51154285714286,Food
FDM60,1,Alto Volumen / Premium,3249.1040000000003,40.7938,Food
FDN01,0,Bajo Volumen / Económico,14467.834,177.137,Food
FDN02,0,Bajo Volumen / Económico,22777.018000000004,207.53046666666668,Food
FDN03,1,Alto Volumen / Premium,13518.4032,249.5808,Food
FDN04,1,Alto Volumen / Premium,17665.0056,178.82011428571428,Food
FDN08,1,Alto Volumen / Premium,9427.728,117.4466,Food
FDN09,0,Bajo Volumen / Económico,17788.8444,243.6328,Food
FDN10,0,Bajo Volumen / Económico,7229.2564,119.5724,Food
FDN12,0,Bajo Volumen / Económico,11521.0032,112.04011428571428,Food
FDN13,0,Bajo Volumen / Económico,6434.2912,99.4858,Food
FDN15,0,Bajo Volumen / Económico,10346.532,140.4322857142857,Food
FDN16,1,Alto Volumen / Premium,8462.318,103.719,Food
FDN20,0,Bajo Volumen / Económico,10275.2914,168.61406666666667,Food
FDN21,0,Bajo Volumen / Económico,13051.0116,161.38074285714285,Food
FDN22,1,Alto Volumen / Premium,13338.6372,251.7474,Food
FDN23,1,Alto Volumen / Premium,17127.0392,145.51106666666666,Food
FDN24,0,Bajo Volumen / Económico,4968.1996,54.5756,Food
FDN25,1,Alto Volumen / Premium,2691.1636,57.5788,Food
FDN27,0,Bajo Volumen / Económico,7265.209599999999,116.5808,Food
FDN28,1,Alto Volumen / Premium,6295.139,102.439,Food
FDN31,0,Bajo Volumen / Económico,9297.897,189.953,Food
FDN32,0,Bajo Volumen / Económico,17889.3802,184.5866,Food
FDN33,1,Alto Volumen / Premium,5388.9852,93.8686,Food
FDN34,1,Alto Volumen / Premium,19617.1312,169.09653333333333,Food
FDN38,1,Alto Volumen / Premium,23031.3536,250.85746666666668,Food
FDN39,1,Alto Volumen / Premium,14932.5624,167.61493333333334,Food
FDN40,0,Bajo Volumen / Económico,9996.987,153.9998,Food
FDN44,0,Bajo Volumen / Económico,12623.568,159.99200000000002,Food
FDN45,0,Bajo Volumen / Económico,13869.9456,223.1838,Food
FDN46,1,Alto Volumen / Premium,12406.5172,101.79986666666667,Food
FDN48,0,Bajo Volumen / Económico,7534.192800000001,91.3404,Food
FDN49,1,Alto Volumen / Premium,1997.4,41.008,Food
FDN50,1,Alto Volumen / Premium,3821.692,93.412,Food
FDN51,1,Alto Volumen / Premium,14876.6352,260.89360000000005,Food
FDN52,1,Alto Volumen / Premium,1569.9564,86.9198,Food
FDN56,1,Alto Volumen / Premium,22249.7044,144.7036,Food
FDN57,0,Bajo Volumen / Económico,17017.847999999998,141.70111428571428,Food
FDN58,1,Alto Volumen / Premium,31279.284,231.26506666666668,Food
FDN60,0,Bajo Volumen / Económico,19966.0104,158.7318285714286,Food
FDO01,1,Alto Volumen / Premium,9251.9568,129.45940000000002,Food
FDO03,1,Alto Volumen / Premium,19467.992,229.2852,Food
FDO04,0,Bajo Volumen / Económico,3481.4682000000003,54.6864,Food
FDO08,1,Alto Volumen / Premium,8715.987799999999,164.93593333333334,Food
FDO09,1,Alto Volumen / Premium,24721.154,262.391,Food
FDO10,1,Alto Volumen / Premium,6756.5384,57.1338,Food
FDO11,1,Alto Volumen / Premium,17430.644,249.1092,Food
FDO12,0,Bajo Volumen / Económico,18791.5392,195.3452,Food
FDO13,0,Bajo Volumen / Económico,8880.4404,165.0326,Food
FDO15,1,Alto Volumen / Premium,7242.572400000001,72.7538,Food
FDO16,0,Bajo Volumen / Económico,8322.5,82.845,Food
FDO19,1,Alto Volumen / Premium,8845.818800000001,48.47006666666667,Food
FDO20,1,Alto Volumen / Premium,21953.4234,252.85486666666668,Food
FDO21,1,Alto Volumen / Premium,11927.1412,224.4804,Food
FDO22,1,Alto Volumen / Premium,6711.264,80.03885714285715,Food
FDO23,0,Bajo Volumen / Económico,10872.514,93.97217142857144,Food
FDO24,0,Bajo Volumen / Económico,17113.7232,157.9604,Food
FDO25,0,Bajo Volumen / Económico,19714.338,208.96033333333327,Food
FDO27,1,Alto Volumen / Premium,8916.393600000001,94.9152,Food
FDO28,0,Bajo Volumen / Económico,5422.941,121.2898,Food
FDO31,1,Alto Volumen / Premium,6871.0560000000005,79.896,Food
FDO32,0,Bajo Volumen / Económico,7270.536,46.031,Food
FDO33,0,Bajo Volumen / Económico,1821.6288,115.3518,Food
FDO34,0,Bajo Volumen / Económico,21979.3896,167.2673142857143,Food
FDO36,0,Bajo Volumen / Económico,13122.918,179.126,Food
FDO37,0,Bajo Volumen / Económico,30958.3684,231.0326,Food
FDO38,0,Bajo Volumen / Económico,6309.786599999999,77.5586,Food
FDO39,1,Alto Volumen / Premium,23705.1432,183.9608,Food
FDO40,0,Bajo Volumen / Económico,13422.528,149.10586666666669,Food
FDO44,0,Bajo Volumen / Económico,8620.7784,109.7228,Food
FDO45,1,Alto Volumen / Premium,7646.0472,88.73559999999999,Food
FDO46,1,Alto Volumen / Premium,19475.9816,188.5872,Food
FDO48,1,Alto Volumen / Premium,11715.4168,220.2206,Food
FDO49,1,Alto Volumen / Premium,3238.4512,49.4008,Food
FDO50,0,Bajo Volumen / Económico,10474.3656,91.49706666666668,Food
FDO51,1,Alto Volumen / Premium,2258.3936,42.87786666666667,Food
FDO52,1,Alto Volumen / Premium,22415.4886,171.2856,Food
FDO56,1,Alto Volumen / Premium,4570.0512,117.7608,Food
FDO57,0,Bajo Volumen / Económico,14280.7442,160.7863714285714,Food
FDO58,0,Bajo Volumen / Económico,15458.5444,165.06926666666666,Food
FDO60,0,Bajo Volumen / Económico,3880.9482,43.96574285714286,Food
FDP01,1,Alto Volumen / Premium,3964.1732,152.03486666666666,Food
FDP03,1,Alto Volumen / Premium,13126.912799999998,123.26737142857144,Food
FDP04,0,Bajo Volumen / Económico,4921.5936,63.436800000000005,Food
FDP07,0,Bajo Volumen / Económico,12766.715,196.331,Food
FDP08,1,Alto Volumen / Premium,16662.3108,193.5878,Food
FDP09,0,Bajo Volumen / Económico,16566.4356,212.57020000000003,Food
FDP10,0,Bajo Volumen / Económico,12385.8774,106.57648571428572,Food
FDP11,0,Bajo Volumen / Económico,20029.9272,217.6416,Food
FDP12,1,Alto Volumen / Premium,2328.9684,36.2274,Food
FDP13,1,Alto Volumen / Premium,2077.296,41.123000000000005,Food
FDP15,0,Bajo Volumen / Económico,10509.652999999998,255.733,Food
FDP16,0,Bajo Volumen / Económico,19408.7358,245.32020000000003,Food
FDP19,0,Bajo Volumen / Económico,12399.8592,129.09853333333334,Food
FDP20,0,Bajo Volumen / Económico,4680.5740000000005,126.802,Food
FDP21,1,Alto Volumen / Premium,14370.6272,189.3122,Food
FDP22,1,Alto Volumen / Premium,4152.5946,51.6666,Food
FDP23,0,Bajo Volumen / Económico,18288.1944,218.2566,Food
FDP24,0,Bajo Volumen / Económico,11996.3844,120.24702857142856,Food
FDP25,0,Bajo Volumen / Económico,29700.0064,217.23795555555557,Food
FDP26,0,Bajo Volumen / Económico,5017.4688,104.5506,Food
FDP27,0,Bajo Volumen / Económico,19924.065,189.48157142857144,Food
FDP28,1,Alto Volumen / Premium,23489.424,260.9811,Food
FDP31,1,Alto Volumen / Premium,4985.5104,64.1568,Food
FDP32,0,Bajo Volumen / Económico,7502.9002,127.4428,Food
FDP33,0,Bajo Volumen / Económico,26845.056,255.98386666666667,Food
FDP34,0,Bajo Volumen / Económico,13925.207,156.583,Food
FDP36,1,Alto Volumen / Premium,3643.2576,50.9008,Food
FDP37,0,Bajo Volumen / Económico,10022.9532,128.2594,Food
FDP38,0,Bajo Volumen / Económico,3643.2576,51.0208,Food
FDP39,0,Bajo Volumen / Económico,5245.1724,52.6324,Food
FDP40,1,Alto Volumen / Premium,7158.6816,111.4144,Food
FDP44,1,Alto Volumen / Premium,8407.7224,101.74986666666666,Food
FDP45,1,Alto Volumen / Premium,16107.0336,252.8324,Food
FDP46,0,Bajo Volumen / Económico,5842.395,89.883,Food
FDP48,1,Alto Volumen / Premium,22337.59,182.375,Food
FDP49,1,Alto Volumen / Premium,5470.8786,55.34711428571429,Food
FDP51,1,Alto Volumen / Premium,4859.0084,119.54573333333332,Food
FDP52,1,Alto Volumen / Premium,22740.399,229.221,Food
FDP56,0,Bajo Volumen / Económico,4828.3816,48.4692,Food
FDP57,0,Bajo Volumen / Económico,7739.925,103.159,Food
FDP58,0,Bajo Volumen / Económico,10076.2172,219.1982,Food
FDP59,1,Alto Volumen / Premium,6958.9416,104.2248,Food
FDP60,0,Bajo Volumen / Económico,11941.7888,101.2016,Food
FDQ01,1,Alto Volumen / Premium,17850.098,254.64140000000003,Food
FDQ03,1,Alto Volumen / Premium,10192.0664,237.8448,Food
FDQ04,0,Bajo Volumen / Económico,784.3124,40.64626666666667,Food
FDQ07,1,Alto Volumen / Premium,17683.648,220.9656,Food
FDQ08,1,Alto Volumen / Premium,6186.6136,61.58217142857143,Food
FDQ09,0,Bajo Volumen / Económico,11979.0736,114.70006666666666,Food
FDQ10,0,Bajo Volumen / Económico,22762.3704,171.65648571428574,Food
FDQ11,1,Alto Volumen / Premium,13877.9352,257.6588,Food
FDQ12,0,Bajo Volumen / Económico,13322.658,231.00100000000003,Food
FDQ13,0,Bajo Volumen / Económico,9395.7696,83.32413333333334,Food
FDQ14,0,Bajo Volumen / Económico,6741.225,148.74499999999998,Food
FDQ15,1,Alto Volumen / Premium,8366.4428,81.5776,Food
FDQ16,0,Bajo Volumen / Económico,11465.076,109.1312,Food
FDQ19,1,Alto Volumen / Premium,18661.0424,241.9262,Food
FDQ20,0,Bajo Volumen / Económico,3655.242,39.9938,Food
FDQ21,0,Bajo Volumen / Económico,14541.072,120.55893333333334,Food
FDQ22,0,Bajo Volumen / Económico,1806.9812,39.71553333333333,Food
FDQ23,0,Bajo Volumen / Económico,8612.7888,102.4332,Food
FDQ24,0,Bajo Volumen / Económico,19630.4472,251.5124,Food
FDQ25,1,Alto Volumen / Premium,12588.2806,172.9822,Food
FDQ26,1,Alto Volumen / Premium,6755.2068,58.57048571428572,Food
FDQ27,1,Alto Volumen / Premium,6398.338,102.699,Food
FDQ28,1,Alto Volumen / Premium,12975.1104,154.0156,Food
FDQ31,1,Alto Volumen / Premium,6327.763199999999,87.8856,Food
FDQ32,1,Alto Volumen / Premium,13250.7516,123.17213333333336,Food
FDQ33,0,Bajo Volumen / Económico,17454.6128,150.07080000000002,Food
FDQ34,0,Bajo Volumen / Económico,7833.8028,106.67648571428572,Food
FDQ36,1,Alto Volumen / Premium,4511.4608,37.456228571428575,Food
FDQ37,0,Bajo Volumen / Económico,24218.475,192.7878,Food
FDQ39,0,Bajo Volumen / Económico,29235.9438,190.5221,Food
FDQ40,1,Alto Volumen / Premium,21268.3152,176.2934222222222,Food
FDQ44,0,Bajo Volumen / Económico,12481.0868,120.8156,Food
FDQ45,1,Alto Volumen / Premium,14333.3424,183.57746666666665,Food
FDQ46,0,Bajo Volumen / Económico,10626.168,112.0544,Food
FDQ47,1,Alto Volumen / Premium,2999.429,34.20739999999999,Food
FDQ48,1,Alto Volumen / Premium,8319.171,97.4726,Food
FDQ49,1,Alto Volumen / Premium,7823.15,156.403,Food
FDQ51,1,Alto Volumen / Premium,3829.0158,46.7518,Food
FDQ52,0,Bajo Volumen / Económico,30546.2382,248.3934,Food
FDQ55,1,Alto Volumen / Premium,9445.0388,115.3084,Food
FDQ56,0,Bajo Volumen / Económico,12080.2752,84.13365714285715,Food
FDQ57,0,Bajo Volumen / Económico,8642.084,145.751,Food
FDQ58,0,Bajo Volumen / Económico,9953.71,154.084,Food
FDQ59,1,Alto Volumen / Premium,7130.718,84.8308,Food
FDQ60,1,Alto Volumen / Premium,120.5098,121.2098,Food
FDR01,1,Alto Volumen / Premium,21300.939400000003,199.2884857142857,Food
FDR02,0,Bajo Volumen / Económico,12897.8776,110.56002857142856,Food
FDR03,1,Alto Volumen / Premium,8462.318,206.448,Food
FDR04,0,Bajo Volumen / Económico,11373.1956,97.6943,Food
FDR07,0,Bajo Volumen / Económico,2570.6538,95.8344,Food
FDR08,0,Bajo Volumen / Económico,8116.7678,110.95526666666666,Food
FDR09,0,Bajo Volumen / Económico,22791.6656,259.1819142857143,Food
FDR10,0,Bajo Volumen / Económico,9909.7672,162.5552,Food
FDR11,1,Alto Volumen / Premium,10108.8414,159.6828,Food
FDR12,1,Alto Volumen / Premium,11852.5716,172.20973333333333,Food
FDR13,1,Alto Volumen / Premium,3591.3252,116.7492,Food
FDR14,0,Bajo Volumen / Económico,2750.4198,53.7698,Food
FDR15,1,Alto Volumen / Premium,15358.0086,154.60282857142855,Food
FDR16,1,Alto Volumen / Premium,14105.6388,214.0218,Food
FDR19,1,Alto Volumen / Premium,18663.7056,146.4102,Food
FDR20,1,Alto Volumen / Premium,3893.5984,46.39106666666667,Food
FDR21,0,Bajo Volumen / Económico,16585.078,176.20842857142858,Food
FDR22,1,Alto Volumen / Premium,15883.3248,111.28297142857144,Food
FDR23,0,Bajo Volumen / Económico,24348.306,176.7745,Food
FDR24,1,Alto Volumen / Premium,7280.523,88.963,Food
FDR25,1,Alto Volumen / Premium,19344.1532,265.46840000000003,Food
FDR26,0,Bajo Volumen / Económico,10271.9624,177.50279999999998,Food
FDR27,1,Alto Volumen / Premium,14309.3736,132.92277142857142,Food
FDR28,1,Alto Volumen / Premium,13212.801,163.56099999999998,Food
FDR31,1,Alto Volumen / Premium,12685.4874,145.4302,Food
FDR32,1,Alto Volumen / Premium,22151.8318,228.20273333333333,Food
FDR33,0,Bajo Volumen / Económico,10546.272,109.24033333333334,Food
FDR34,1,Alto Volumen / Premium,24735.8016,228.7752,Food
FDR35,0,Bajo Volumen / Económico,29064.8332,198.5742,Food
FDR36,1,Alto Volumen / Premium,3062.0142,41.7854,Food
FDR37,1,Alto Volumen / Premium,27181.9508,182.45777142857145,Food
FDR39,0,Bajo Volumen / Económico,11128.1812,182.76253333333327,Food
FDR40,1,Alto Volumen / Premium,4914.2698,79.49513333333333,Food
FDR43,0,Bajo Volumen / Económico,4211.185,38.0065,Food
FDR44,1,Alto Volumen / Premium,13180.1768,130.45929999999998,Food
FDR45,0,Bajo Volumen / Económico,24141.2422,239.7472,Food
FDR46,0,Bajo Volumen / Económico,17284.168,146.7135,Food
FDR47,0,Bajo Volumen / Económico,14435.8756,195.9594,Food
FDR48,0,Bajo Volumen / Económico,14876.6352,151.5024,Food
FDR49,0,Bajo Volumen / Económico,3163.8816,47.7976,Food
FDR51,1,Alto Volumen / Premium,11134.8392,149.9958,Food
FDR52,1,Alto Volumen / Premium,20254.9676,191.2596,Food
FDR55,1,Alto Volumen / Premium,24392.2488,189.3729142857143,Food
FDR56,1,Alto Volumen / Premium,17933.9888,197.8768,Food
FDR57,1,Alto Volumen / Premium,4242.4776,155.8288,Food
FDR58,0,Bajo Volumen / Económico,12308.6446,92.66048571428573,Food
FDR59,1,Alto Volumen / Premium,30090.831,262.0719,Food
FDR60,0,Bajo Volumen / Económico,4556.7352,77.0828,Food
FDS01,0,Bajo Volumen / Económico,18132.3972,177.91145714285716,Food
FDS02,1,Alto Volumen / Premium,17557.146,195.6394,Food
FDS03,0,Bajo Volumen / Económico,6329.0948,64.4326,Food
FDS04,1,Alto Volumen / Premium,15874.6694,140.69808571428572,Food
FDS07,0,Bajo Volumen / Económico,5920.293599999999,113.4018,Food
FDS08,0,Bajo Volumen / Económico,6528.169,177.57033333333334,Food
FDS09,1,Alto Volumen / Premium,2631.2416,50.1258,Food
FDS10,0,Bajo Volumen / Económico,11006.3398,180.6568,Food
FDS11,1,Alto Volumen / Premium,23042.0064,223.9088,Food
FDS12,0,Bajo Volumen / Económico,11325.258,126.36953333333334,Food
FDS13,0,Bajo Volumen / Económico,18019.2112,265.3026857142857,Food
FDS14,0,Bajo Volumen / Económico,7385.0536,156.5038,Food
FDS15,1,Alto Volumen / Premium,12943.152,107.19293333333331,Food
FDS16,1,Alto Volumen / Premium,24315.016,146.376,Food
FDS19,1,Alto Volumen / Premium,8121.4284,76.32977142857143,Food
FDS20,0,Bajo Volumen / Económico,11675.4688,183.0042,Food
FDS21,1,Alto Volumen / Premium,2352.9372,62.5994,Food
FDS22,1,Alto Volumen / Premium,1362.2268,44.90946666666667,Food
FDS23,0,Bajo Volumen / Económico,11307.9472,127.63273333333332,Food
FDS24,1,Alto Volumen / Premium,6641.355,88.0014,Food
FDS25,1,Alto Volumen / Premium,11604.894,110.0628,Food
FDS26,0,Bajo Volumen / Económico,22764.3678,260.8594,Food
FDS27,1,Alto Volumen / Premium,12963.126,196.2538571428572,Food
FDS28,1,Alto Volumen / Premium,4122.6336,57.58737142857143,Food
FDS31,1,Alto Volumen / Premium,18043.18,179.13179999999997,Food
FDS32,1,Alto Volumen / Premium,13064.9934,140.81237142857142,Food
FDS33,1,Alto Volumen / Premium,12574.2988,88.9639,Food
FDS34,1,Alto Volumen / Premium,8994.2922,113.4318,Food
FDS35,0,Bajo Volumen / Económico,6845.7556,64.56593333333333,Food
FDS36,1,Alto Volumen / Premium,15819.408,109.757,Food
FDS37,0,Bajo Volumen / Económico,8804.5392,115.56586666666664,Food
FDS39,0,Bajo Volumen / Económico,9688.7216,143.81453333333334,Food
FDS40,0,Bajo Volumen / Económico,2856.282,36.74757142857143,Food
FDS43,0,Bajo Volumen / Económico,14541.072,186.924,Food
FDS44,1,Alto Volumen / Premium,27640.687,239.7538,Food
FDS45,1,Alto Volumen / Premium,12703.464,106.60505714285716,Food
FDS46,1,Alto Volumen / Premium,8223.2958,119.1582,Food
FDS47,0,Bajo Volumen / Económico,9755.3016,87.8998857142857,Food
FDS48,0,Bajo Volumen / Económico,10382.4852,150.3208,Food
FDS49,0,Bajo Volumen / Económico,7463.618,79.0444,Food
FDS50,0,Bajo Volumen / Económico,13080.9726,220.3614,Food
FDS51,0,Bajo Volumen / Económico,3034.0506,61.78606666666667,Food
FDS52,0,Bajo Volumen / Económico,11334.5792,101.3766,Food
FDS55,0,Bajo Volumen / Económico,21380.1696,148.2359,Food
FDS56,1,Alto Volumen / Premium,21772.9916,262.60853333333336,Food
FDS57,0,Bajo Volumen / Económico,13312.671,143.047,Food
FDS58,1,Alto Volumen / Premium,16045.78,160.4978,Food
FDS59,1,Alto Volumen / Premium,11754.699,110.057,Food
FDS60,0,Bajo Volumen / Económico,9347.832,179.491,Food
FDT01,1,Alto Volumen / Premium,13168.1924,212.4652,Food
FDT02,0,Bajo Volumen / Económico,1552.6456,34.7874,Food
FDT03,0,Bajo Volumen / Económico,11393.1696,184.04651428571427,Food
FDT04,0,Bajo Volumen / Económico,2435.4964,39.7222,Food
FDT07,1,Alto Volumen / Premium,30247.294,256.3218888888889,Food
FDT08,0,Bajo Volumen / Económico,15579.72,150.255,Food
FDT09,1,Alto Volumen / Premium,13182.84,131.41173333333333,Food
FDT10,1,Alto Volumen / Premium,3318.3472,59.42286666666666,Food
FDT11,1,Alto Volumen / Premium,14644.9368,187.9889333333333,Food
FDT12,1,Alto Volumen / Premium,23247.7386,225.94905714285716,Food
FDT13,0,Bajo Volumen / Económico,12247.391,188.1614,Food
FDT14,1,Alto Volumen / Premium,12943.152,120.684,Food
FDT15,1,Alto Volumen / Premium,8971.654999999999,183.155,Food
FDT16,1,Alto Volumen / Premium,27074.091200000003,260.6678,Food
FDT19,1,Alto Volumen / Premium,17830.124,173.128,Food
FDT20,0,Bajo Volumen / Económico,4865.6664,38.733066666666666,Food
FDT21,0,Bajo Volumen / Económico,31873.1776,248.6092,Food
FDT22,0,Bajo Volumen / Económico,5153.292,59.142,Food
FDT23,1,Alto Volumen / Premium,5920.2936,78.3186,Food
FDT24,1,Alto Volumen / Premium,11198.756,77.83279999999999,Food
FDT25,0,Bajo Volumen / Económico,14945.8784,122.47862857142856,Food
FDT26,1,Alto Volumen / Premium,11505.024,120.17733333333332,Food
FDT27,1,Alto Volumen / Premium,18514.5664,233.5216,Food
FDT28,0,Bajo Volumen / Económico,14445.1968,150.90413333333333,Food
FDT31,0,Bajo Volumen / Económico,17585.1096,188.80386666666664,Food
FDT32,1,Alto Volumen / Premium,20726.354,188.3714,Food
FDT33,1,Alto Volumen / Premium,4512.1266,166.9158,Food
FDT34,0,Bajo Volumen / Económico,9467.676,105.82497142857144,Food
FDT35,1,Alto Volumen / Premium,1845.5976,167.6816,Food
FDT36,0,Bajo Volumen / Económico,3740.4644,35.77073333333333,Food
FDT37,0,Bajo Volumen / Económico,18615.1022,254.7214,Food
FDT38,0,Bajo Volumen / Económico,4058.7168,83.9566,Food
FDT39,1,Alto Volumen / Premium,10881.8352,151.1366,Food
FDT40,0,Bajo Volumen / Económico,12589.6122,126.6678,Food
FDT43,0,Bajo Volumen / Económico,4414.254,51.18954285714285,Food
FDT44,0,Bajo Volumen / Económico,4360.324199999999,117.17993333333334,Food
FDT45,0,Bajo Volumen / Económico,3712.5008,54.470600000000005,Food
FDT46,0,Bajo Volumen / Económico,3997.4632,51.02937142857143,Food
FDT47,1,Alto Volumen / Premium,6707.269200000001,95.74013333333336,Food
FDT48,0,Bajo Volumen / Económico,18451.9812,198.3084,Food
FDT49,0,Bajo Volumen / Económico,13102.944,106.3155,Food
FDT50,1,Alto Volumen / Premium,7957.6416,96.55853333333334,Food
FDT51,1,Alto Volumen / Premium,2348.9424,110.8294,Food
FDT52,1,Alto Volumen / Premium,17151.008,245.4544,Food
FDT55,1,Alto Volumen / Premium,26982.8766,156.8571,Food
FDT56,1,Alto Volumen / Premium,4170.5712,57.3246,Food
FDT57,0,Bajo Volumen / Económico,20384.1328,236.8581333333333,Food
FDT58,0,Bajo Volumen / Económico,12248.0568,168.56493333333333,Food
FDT59,0,Bajo Volumen / Económico,23036.68,230.35013333333333,Food
FDT60,0,Bajo Volumen / Económico,8668.716,123.8188,Food
FDU01,1,Alto Volumen / Premium,12401.1908,184.5424,Food
FDU02,0,Bajo Volumen / Económico,24048.696,229.7352,Food
FDU03,1,Alto Volumen / Premium,7114.738799999999,183.29586666666668,Food
FDU04,0,Bajo Volumen / Económico,8041.5324,121.7614,Food
FDU07,0,Bajo Volumen / Económico,11939.791400000002,150.95326666666668,Food
FDU08,0,Bajo Volumen / Económico,6249.8646,99.8042,Food
FDU09,1,Alto Volumen / Premium,4258.4568,54.7456,Food
FDU10,1,Alto Volumen / Premium,2982.784,37.7598,Food
FDU11,0,Bajo Volumen / Económico,11809.9604,120.3598,Food
FDU12,1,Alto Volumen / Premium,29793.2184,263.44568888888887,Food
FDU13,0,Bajo Volumen / Económico,18687.0086,146.8043,Food
FDU14,0,Bajo Volumen / Económico,20473.35,248.735,Food
FDU15,1,Alto Volumen / Premium,3739.1328,36.73653333333333,Food
FDU16,1,Alto Volumen / Premium,4026.7584,83.35746666666667,Food
FDU19,1,Alto Volumen / Premium,19313.5264,172.4547,Food
FDU20,1,Alto Volumen / Premium,15063.725,121.09551428571427,Food
FDU21,1,Alto Volumen / Premium,3191.8452,34.127228571428574,Food
FDU22,0,Bajo Volumen / Económico,11969.7524,119.3724,Food
FDU23,0,Bajo Volumen / Económico,22786.3392,164.7184,Food
FDU24,1,Alto Volumen / Premium,10999.016,93.762,Food
FDU25,0,Bajo Volumen / Económico,8341.1424,57.51031428571429,Food
FDU26,1,Alto Volumen / Premium,7031.513800000001,119.53534285714284,Food
FDU27,1,Alto Volumen / Premium,4506.1344,47.9976,Food
FDU28,1,Alto Volumen / Premium,9986.3342,188.5414,Food
FDU31,1,Alto Volumen / Premium,11937.794000000002,217.9758,Food
FDU32,0,Bajo Volumen / Económico,10356.519,121.00806666666666,Food
FDU33,1,Alto Volumen / Premium,4180.5582,46.30686666666667,Food
FDU34,0,Bajo Volumen / Económico,15936.5888,124.83317142857145,Food
FDU35,0,Bajo Volumen / Económico,7490.25,98.82,Food
FDU36,0,Bajo Volumen / Económico,11824.608,99.06697142857142,Food
FDU37,1,Alto Volumen / Premium,10466.376,79.256,Food
FDU38,0,Bajo Volumen / Económico,23010.048,192.1504,Food
FDU39,0,Bajo Volumen / Económico,5925.62,58.5562,Food
FDU40,0,Bajo Volumen / Económico,13174.8504,193.2478,Food
FDU43,1,Alto Volumen / Premium,5720.5536,238.0064,Food
FDU44,1,Alto Volumen / Premium,16407.9752,162.88853333333336,Food
FDU45,1,Alto Volumen / Premium,8083.477800000001,113.0768,Food
FDU46,1,Alto Volumen / Premium,10559.588,86.58257142857143,Food
FDU47,1,Alto Volumen / Premium,3090.6436,140.81713333333337,Food
FDU48,0,Bajo Volumen / Económico,2109.2544,132.09506666666667,Food
FDU49,1,Alto Volumen / Premium,7876.414,85.904,Food
FDU50,1,Alto Volumen / Premium,9161.408,114.4176,Food
FDU51,1,Alto Volumen / Premium,25502.8032,177.11946666666665,Food
FDU52,0,Bajo Volumen / Económico,7040.835,156.588,Food
FDU55,0,Bajo Volumen / Económico,23689.8298,260.4778,Food
FDU56,0,Bajo Volumen / Económico,11803.3024,184.3266,Food
FDU57,1,Alto Volumen / Premium,11285.31,150.0508,Food
FDU58,1,Alto Volumen / Premium,12535.0166,187.6698,Food
FDU59,0,Bajo Volumen / Económico,13158.8712,162.7552,Food
FDU60,1,Alto Volumen / Premium,9470.3392,168.94653333333335,Food
FDV01,1,Alto Volumen / Premium,17684.9796,154.18854285714286,Food
FDV02,0,Bajo Volumen / Económico,13346.6268,171.2706,Food
FDV03,0,Bajo Volumen / Económico,15358.0086,155.03140000000002,Food
FDV04,1,Alto Volumen / Premium,10056.2432,157.51451428571428,Food
FDV07,0,Bajo Volumen / Económico,9836.5292,110.7228,Food
FDV08,0,Bajo Volumen / Económico,2265.0516,41.2204,Food
FDV09,0,Bajo Volumen / Económico,15441.2336,148.2359,Food
FDV10,1,Alto Volumen / Premium,3451.5072,42.1712,Food
FDV11,1,Alto Volumen / Premium,6829.1106,174.3054,Food
FDV12,1,Alto Volumen / Premium,9065.5328,99.1134,Food
FDV13,1,Alto Volumen / Premium,7382.3904,87.9856,Food
FDV14,0,Bajo Volumen / Económico,2900.2248,88.95226666666667,Food
FDV15,0,Bajo Volumen / Económico,12152.1816,103.7648,Food
FDV16,1,Alto Volumen / Premium,3395.58,34.51294285714285,Food
FDV19,1,Alto Volumen / Premium,18613.1048,160.8720857142857,Food
FDV20,1,Alto Volumen / Premium,15514.4716,127.3303,Food
FDV21,0,Bajo Volumen / Económico,8010.9056,125.3204,Food
FDV22,1,Alto Volumen / Premium,15176.911,156.91299999999998,Food
FDV23,0,Bajo Volumen / Económico,10209.3772,124.9846,Food
FDV24,0,Bajo Volumen / Económico,5992.2,149.205,Food
FDV25,0,Bajo Volumen / Económico,22104.56,221.7056,Food
FDV26,1,Alto Volumen / Premium,28481.5924,195.0794,Food
FDV27,1,Alto Volumen / Premium,2567.9906,89.0514,Food
FDV28,1,Alto Volumen / Premium,3361.6242,33.99865714285714,Food
FDV31,0,Bajo Volumen / Económico,4587.362,176.17033333333333,Food
FDV32,0,Bajo Volumen / Económico,6767.857,63.201,Food
FDV33,1,Alto Volumen / Premium,12916.52,258.3804,Food
FDV34,1,Alto Volumen / Premium,4212.5166,73.72380000000001,Food
FDV35,0,Bajo Volumen / Económico,12410.512,155.9564,Food
FDV36,0,Bajo Volumen / Económico,9740.654,126.252,Food
FDV37,1,Alto Volumen / Premium,14435.2098,196.9926,Food
FDV38,0,Bajo Volumen / Económico,6715.2588,54.66226666666667,Food
FDV39,0,Bajo Volumen / Económico,19378.7748,197.38545714285715,Food
FDV40,0,Bajo Volumen / Económico,4212.5166,73.5038,Food
FDV43,0,Bajo Volumen / Económico,2051.9956,44.7086,Food
FDV44,1,Alto Volumen / Premium,14471.8288,190.7188,Food
FDV45,0,Bajo Volumen / Económico,24971.4948,187.74131428571428,Food
FDV46,0,Bajo Volumen / Económico,11884.53,140.63466666666667,Food
FDV47,0,Bajo Volumen / Económico,7356.424199999999,84.73993333333333,Food
FDV48,1,Alto Volumen / Premium,7856.44,78.48106666666666,Food
FDV49,0,Bajo Volumen / Económico,27753.873,263.8559333333333,Food
FDV50,0,Bajo Volumen / Económico,8991.629,122.633,Food
FDV51,0,Bajo Volumen / Económico,12599.5992,165.36753333333334,Food
FDV52,1,Alto Volumen / Premium,10252.6542,118.8466,Food
FDV55,0,Bajo Volumen / Económico,8273.2308,145.31106666666665,Food
FDV56,1,Alto Volumen / Premium,2912.2092,107.79293333333334,Food
FDV57,1,Alto Volumen / Premium,28223.262,179.49457142857142,Food
FDV58,0,Bajo Volumen / Económico,7438.3176,195.8785333333333,Food
FDV59,0,Bajo Volumen / Económico,17852.7612,218.4166,Food
FDV60,1,Alto Volumen / Premium,24158.553,196.0776666666667,Food
FDW01,0,Bajo Volumen / Económico,5641.3234,153.9682,Food
FDW02,1,Alto Volumen / Premium,15646.3,125.53706666666666,Food
FDW03,1,Alto Volumen / Premium,8257.9174,104.8556,Food
FDW04,1,Alto Volumen / Premium,8439.015,130.2976666666667,Food
FDW07,1,Alto Volumen / Premium,8146.7288,88.77997142857143,Food
FDW08,0,Bajo Volumen / Económico,5645.984,106.378,Food
FDW09,1,Alto Volumen / Premium,6655.3368,80.24448571428572,Food
FDW10,0,Bajo Volumen / Económico,5998.857999999999,174.937,Food
FDW11,0,Bajo Volumen / Económico,4643.955,61.2394,Food
FDW12,1,Alto Volumen / Premium,13933.8624,144.87297142857142,Food
FDW13,0,Bajo Volumen / Económico,9192.0348,51.3124,Food
FDW14,1,Alto Volumen / Premium,4360.99,87.51979999999999,Food
FDW15,1,Alto Volumen / Premium,8462.9838,147.90673333333334,Food
FDW16,1,Alto Volumen / Premium,8912.398799999999,92.9304,Food
FDW19,1,Alto Volumen / Premium,12743.412,110.28557142857144,Food
FDW20,0,Bajo Volumen / Económico,7883.072,123.673,Food
FDW21,1,Alto Volumen / Premium,8646.0788,100.5758,Food
FDW22,1,Alto Volumen / Premium,14189.5296,222.07806666666667,Food
FDW23,0,Bajo Volumen / Económico,3205.1612,37.64973333333333,Food
FDW24,0,Bajo Volumen / Económico,5249.1672,49.3909,Food
FDW25,0,Bajo Volumen / Económico,5795.1232,84.9224,Food
FDW26,1,Alto Volumen / Premium,22460.0972,222.4772,Food
FDW27,1,Alto Volumen / Premium,11789.9864,155.36473333333333,Food
FDW28,0,Bajo Volumen / Económico,19966.0104,196.25948571428572,Food
FDW31,1,Alto Volumen / Premium,12342.6004,199.0342,Food
FDW32,1,Alto Volumen / Premium,6699.2796,86.23105714285714,Food
FDW33,0,Bajo Volumen / Económico,6498.2080000000005,106.003,Food
FDW34,0,Bajo Volumen / Económico,26974.887,243.75985714285716,Food
FDW35,0,Bajo Volumen / Económico,2978.1234,42.1954,Food
FDW36,0,Bajo Volumen / Económico,5081.3856000000005,106.9372,Food
FDW37,0,Bajo Volumen / Económico,4617.9888,90.1488,Food
FDW38,1,Alto Volumen / Premium,4476.1734,54.58694285714286,Food
FDW39,1,Alto Volumen / Premium,13938.523,176.35366666666667,Food
FDW40,1,Alto Volumen / Premium,9403.7592,143.08120000000002,Food
FDW43,1,Alto Volumen / Premium,14800.734,226.4036,Food
FDW44,1,Alto Volumen / Premium,11590.2464,170.32813333333334,Food
FDW45,0,Bajo Volumen / Económico,16185.598,147.17513333333332,Food
FDW46,1,Alto Volumen / Premium,5937.6044,64.81506666666667,Food
FDW47,0,Bajo Volumen / Económico,8650.7394,121.97473333333332,Food
FDW48,0,Bajo Volumen / Económico,6606.0676,80.3493,Food
FDW49,0,Bajo Volumen / Económico,22387.525,179.34464444444444,Food
FDW50,0,Bajo Volumen / Económico,11029.6428,167.27294285714285,Food
FDW51,1,Alto Volumen / Premium,19175.04,213.7393333333333,Food
FDW52,1,Alto Volumen / Premium,14800.734,164.1276,Food
FDW55,1,Alto Volumen / Premium,20418.7544,249.1292,Food
FDW56,0,Bajo Volumen / Económico,27130.6842,191.8495333333333,Food
FDW57,1,Alto Volumen / Premium,17178.9716,177.3428,Food
FDW58,0,Bajo Volumen / Económico,3387.5904,105.6622,Food
FDW59,0,Bajo Volumen / Económico,6849.0846,84.92326666666666,Food
FDW60,1,Alto Volumen / Premium,9527.598,176.60366666666667,Food
FDX01,0,Bajo Volumen / Económico,8505.595,116.265,Food
FDX02,0,Bajo Volumen / Económico,16652.9896,225.0904,Food
FDX03,1,Alto Volumen / Premium,2807.0128,45.6744,Food
FDX04,1,Alto Volumen / Premium,5464.8864,48.1376,Food
FDX07,1,Alto Volumen / Premium,18126.405,182.9283333333333,Food
FDX08,0,Bajo Volumen / Económico,9923.749,180.0718,Food
FDX09,0,Bajo Volumen / Económico,19055.196,176.25366666666665,Food
FDX10,1,Alto Volumen / Premium,1164.4842,35.4624,Food
FDX11,1,Alto Volumen / Premium,18721.6302,181.83006666666665,Food
FDX12,1,Alto Volumen / Premium,14220.1564,240.9196,Food
FDX13,0,Bajo Volumen / Económico,23406.8648,249.24920000000003,Food
FDX14,0,Bajo Volumen / Económico,3536.0638,74.7354,Food
FDX15,0,Bajo Volumen / Económico,13478.4552,160.89113333333333,Food
FDX16,0,Bajo Volumen / Económico,12433.815,149.28833333333333,Food
FDX19,0,Bajo Volumen / Económico,24304.3632,234.0243714285714,Food
FDX20,0,Bajo Volumen / Económico,28975.616,226.88311111111116,Food
FDX21,0,Bajo Volumen / Económico,9936.3992,109.4162,Food
FDX22,1,Alto Volumen / Premium,12623.568,209.9678,Food
FDX23,0,Bajo Volumen / Económico,5294.4416,94.6936,Food
FDX24,0,Bajo Volumen / Económico,7033.5112,93.6262,Food
FDX25,0,Bajo Volumen / Económico,14959.1944,181.7892,Food
FDX26,0,Bajo Volumen / Económico,17695.632400000002,182.01491428571427,Food
FDX27,1,Alto Volumen / Premium,5861.7032,93.5636,Food
FDX28,0,Bajo Volumen / Económico,6646.6814,100.27086666666666,Food
FDX31,1,Alto Volumen / Premium,29679.3666,233.8291333333333,Food
FDX32,1,Alto Volumen / Premium,12714.1168,144.20717142857143,Food
FDX33,1,Alto Volumen / Premium,16687.6112,159.5578,Food
FDX34,0,Bajo Volumen / Económico,16027.8034,120.87646666666669,Food
FDX35,1,Alto Volumen / Premium,16166.9556,227.9236,Food
FDX36,1,Alto Volumen / Premium,25429.5652,225.08325714285715,Food
FDX37,0,Bajo Volumen / Económico,12184.14,100.27,Food
FDX38,1,Alto Volumen / Premium,1965.4416,47.857600000000005,Food
FDX39,1,Alto Volumen / Premium,19206.3326,211.0586,Food
FDX40,0,Bajo Volumen / Económico,3591.3252,39.002114285714285,Food
FDX43,0,Bajo Volumen / Económico,9987.0,166.11666666666667,Food
FDX44,0,Bajo Volumen / Económico,8475.634,89.48386666666666,Food
FDX45,0,Bajo Volumen / Económico,19088.486,155.913,Food
FDX46,1,Alto Volumen / Premium,6932.975399999999,58.47286666666667,Food
FDX47,1,Alto Volumen / Premium,16498.523999999998,157.12879999999998,Food
FDX48,1,Alto Volumen / Premium,5715.227199999999,154.2906,Food
FDX49,1,Alto Volumen / Premium,21671.79,232.49,Food
FDX50,0,Bajo Volumen / Económico,11383.8484,109.9478,Food
FDX51,1,Alto Volumen / Premium,12527.6928,195.4452,Food
FDX52,1,Alto Volumen / Premium,13129.576,193.882,Food
FDX55,0,Bajo Volumen / Económico,15457.8786,217.2366,Food
FDX56,1,Alto Volumen / Premium,25468.8474,207.48046666666664,Food
FDX57,1,Alto Volumen / Premium,10012.3004,96.7568,Food
FDX58,0,Bajo Volumen / Económico,27830.44,182.87,Food
FDX59,0,Bajo Volumen / Económico,2886.243,33.6558,Food
FDX60,0,Bajo Volumen / Económico,8628.768,79.91266666666667,Food
FDY01,1,Alto Volumen / Premium,7486.921,116.0584,Food
FDY02,1,Alto Volumen / Premium,22880.217,263.0195714285714,Food
FDY03,1,Alto Volumen / Premium,11477.0604,111.6577,Food
FDY04,1,Alto Volumen / Premium,14354.648,162.971,Food
FDY07,0,Bajo Volumen / Económico,5053.422,46.183057142857145,Food
FDY08,1,Alto Volumen / Premium,7164.6738,139.9838,Food
FDY09,0,Bajo Volumen / Económico,2101.2648,174.27206666666666,Food
FDY10,0,Bajo Volumen / Económico,12596.936,114.13426666666668,Food
FDY11,1,Alto Volumen / Premium,4943.5650000000005,66.07419999999999,Food
FDY12,1,Alto Volumen / Premium,2327.6368,50.0608,Food
FDY13,0,Bajo Volumen / Económico,8881.772,75.98128571428572,Food
FDY14,0,Bajo Volumen / Económico,20352.8402,263.5476,Food
FDY15,1,Alto Volumen / Premium,15176.911,155.8487142857143,Food
FDY16,1,Alto Volumen / Premium,16782.8206,184.3266,Food
FDY19,0,Bajo Volumen / Económico,9781.2678,117.3716,Food
FDY20,1,Alto Volumen / Premium,6247.8672,91.3688,Food
FDY21,0,Bajo Volumen / Económico,18855.456,195.761,Food
FDY22,1,Alto Volumen / Premium,8341.1424,143.6628,Food
FDY24,1,Alto Volumen / Premium,4152.5946,53.3298,Food
FDY25,0,Bajo Volumen / Económico,24991.4688,180.6776,Food
FDY26,1,Alto Volumen / Premium,21172.44,212.1044,Food
FDY27,0,Bajo Volumen / Económico,11241.3672,178.49439999999998,Food
FDY28,1,Alto Volumen / Premium,20517.2928,213.8718,Food
FDY31,0,Bajo Volumen / Económico,17951.2996,147.1275142857143,Food
FDY32,0,Bajo Volumen / Económico,5056.751,164.08766666666665,Food
FDY33,1,Alto Volumen / Premium,23073.299,159.2404857142857,Food
FDY34,1,Alto Volumen / Premium,14257.4412,165.8242,Food
FDY35,1,Alto Volumen / Premium,5650.6446,45.81162857142857,Food
FDY36,0,Bajo Volumen / Económico,6518.182000000001,73.72133333333333,Food
FDY37,1,Alto Volumen / Premium,14600.994,142.667,Food
FDY38,1,Alto Volumen / Premium,17244.22,232.05,Food
FDY39,1,Alto Volumen / Premium,16722.2328,183.0408,Food
FDY40,1,Alto Volumen / Premium,2660.5368,49.5692,Food
FDY43,0,Bajo Volumen / Económico,673.7896,169.7474,Food
FDY44,1,Alto Volumen / Premium,15909.291,196.351,Food
FDY45,0,Bajo Volumen / Económico,22381.5328,254.00226666666663,Food
FDY46,0,Bajo Volumen / Económico,11786.6574,187.4898,Food
FDY47,1,Alto Volumen / Premium,13891.917,130.0435,Food
FDY48,0,Bajo Volumen / Económico,8715.322,103.8332,Food
FDY49,1,Alto Volumen / Premium,17337.432,164.6934,Food
FDY50,0,Bajo Volumen / Económico,11330.5844,89.3172,Food
FDY51,0,Bajo Volumen / Económico,22037.98,220.7198,Food
FDY52,0,Bajo Volumen / Económico,4594.02,60.88693333333333,Food
FDY55,0,Bajo Volumen / Económico,42661.8008,257.2738,Food
FDY56,1,Alto Volumen / Premium,30018.9246,225.7937,Food
FDY57,1,Alto Volumen / Premium,11121.5232,95.98948571428572,Food
FDY58,0,Bajo Volumen / Económico,12331.9476,227.80273333333332,Food
FDY59,0,Bajo Volumen / Económico,7866.427,93.07477142857142,Food
FDY60,1,Alto Volumen / Premium,11936.4624,144.21280000000002,Food
FDZ01,1,Alto Volumen / Premium,8565.517,103.03900000000002,Food
FDZ02,1,Alto Volumen / Premium,2348.9424,98.2226,Food
FDZ03,1,Alto Volumen / Premium,13981.8,186.324,Food
FDZ04,0,Bajo Volumen / Económico,4933.578,62.63433333333334,Food
FDZ07,1,Alto Volumen / Premium,3839.0028,62.25940000000001,Food
FDZ08,1,Alto Volumen / Premium,6934.9728,82.43062857142857,Food
FDZ09,0,Bajo Volumen / Económico,16051.1064,164.22013333333334,Food
FDZ10,0,Bajo Volumen / Económico,11005.674,126.76866666666666,Food
FDZ12,0,Bajo Volumen / Económico,14600.994,143.71366666666668,Food
FDZ13,1,Alto Volumen / Premium,2796.36,50.760000000000005,Food
FDZ14,1,Alto Volumen / Premium,7634.0628,121.80893333333334,Food
FDZ15,0,Bajo Volumen / Económico,15493.166,118.22105714285716,Food
FDZ16,1,Alto Volumen / Premium,21118.5102,193.83113333333333,Food
FDZ19,0,Bajo Volumen / Económico,9140.1024,176.2378666666667,Food
FDZ20,0,Bajo Volumen / Económico,40185.0248,254.1106,Food
FDZ21,1,Alto Volumen / Premium,10136.805,96.4785,Food
FDZ22,0,Bajo Volumen / Económico,6075.425,83.80499999999999,Food
FDZ23,1,Alto Volumen / Premium,19947.368,186.4382857142857,Food
FDZ25,1,Alto Volumen / Premium,17147.679,169.56233333333333,Food
FDZ26,1,Alto Volumen / Premium,29877.775,239.3347,Food
FDZ27,0,Bajo Volumen / Económico,2396.88,51.095,Food
FDZ28,1,Alto Volumen / Premium,7884.403600000001,126.5278,Food
FDZ31,1,Alto Volumen / Premium,16107.0336,191.1704,Food
FDZ32,1,Alto Volumen / Premium,3681.874,105.1964,Food
FDZ33,0,Bajo Volumen / Económico,14337.3372,147.7451,Food
FDZ34,0,Bajo Volumen / Económico,14481.15,192.682,Food
FDZ35,1,Alto Volumen / Premium,15789.447,102.81328571428573,Food
FDZ36,1,Alto Volumen / Premium,17710.280000000002,186.804,Food
FDZ37,1,Alto Volumen / Premium,3750.4514,87.85313333333333,Food
FDZ38,0,Bajo Volumen / Económico,22762.3704,172.5755333333333,Food
FDZ39,1,Alto Volumen / Premium,7946.323,103.03233333333333,Food
FDZ40,0,Bajo Volumen / Económico,4314.384,53.9898,Food
FDZ43,1,Alto Volumen / Premium,23750.4176,241.6312,Food
FDZ44,0,Bajo Volumen / Económico,5390.3168000000005,116.41413333333333,Food
FDZ45,0,Bajo Volumen / Económico,16071.0804,198.3084,Food
FDZ46,0,Bajo Volumen / Económico,6189.2768,110.4978,Food
FDZ47,1,Alto Volumen / Premium,9225.9906,99.1442,Food
FDZ48,0,Bajo Volumen / Económico,8165.3712,112.37106666666666,Food
FDZ49,1,Alto Volumen / Premium,19393.4224,220.1798,Food
FDZ50,1,Alto Volumen / Premium,11025.648,183.0108,Food
FDZ51,1,Alto Volumen / Premium,7045.4956,96.0094,Food
FDZ52,0,Bajo Volumen / Económico,13120.2548,111.76002857142858,Food
FDZ55,0,Bajo Volumen / Económico,21092.544,159.95866666666666,Food
FDZ56,0,Bajo Volumen / Económico,16844.739999999998,167.88073333333332,Food
FDZ57,1,Alto Volumen / Premium,5396.9748,128.1594,Food
FDZ58,0,Bajo Volumen / Económico,14455.8496,122.03577142857144,Food
FDZ59,1,Alto Volumen / Premium,16312.1,166.28333333333333,Food
FDZ60,0,Bajo Volumen / Económico,3882.9456,107.8196,Food
NCA05,2,Rendimiento Medio,8314.5104,149.24006666666665,Non-Consumable
NCA06,2,Rendimiento Medio,3991.471,36.09042857142857,Non-Consumable
NCA17,2,Rendimiento Medio,13422.528,149.4192,Non-Consumable
NCA18,2,Rendimiento Medio,4170.5712,116.1742,Non-Consumable
NCA29,2,Rendimiento Medio,13175.5162,170.95059999999998,Non-Consumable
NCA30,2,Rendimiento Medio,11723.4064,189.8072,Non-Consumable
NCA41,2,Rendimiento Medio,16547.7932,191.7562,Non-Consumable
NCA42,2,Rendimiento Medio,14102.9756,158.8404,Non-Consumable
NCA53,2,Rendimiento Medio,4325.7026,48.403400000000005,Non-Consumable
NCA54,2,Rendimiento Medio,8841.1582,179.6068,Non-Consumable
NCB06,2,Rendimiento Medio,12943.152,161.192,Non-Consumable
NCB07,2,Rendimiento Medio,9624.139,197.07766666666663,Non-Consumable
NCB18,2,Rendimiento Medio,14876.6352,88.88473333333334,Non-Consumable
NCB19,2,Rendimiento Medio,8588.82,85.67153333333333,Non-Consumable
NCB30,2,Rendimiento Medio,18848.798,197.9084,Non-Consumable
NCB31,2,Rendimiento Medio,23406.199,263.091,Non-Consumable
NCB42,2,Rendimiento Medio,11353.2216,116.4992,Non-Consumable
NCB43,2,Rendimiento Medio,23386.225,187.9398,Non-Consumable
NCB54,2,Rendimiento Medio,7286.5152,127.1586,Non-Consumable
NCB55,2,Rendimiento Medio,2607.2728,58.5312,Non-Consumable
NCC06,2,Rendimiento Medio,13166.8608,127.8336,Non-Consumable
NCC07,2,Rendimiento Medio,8941.694,104.66306666666668,Non-Consumable
NCC18,2,Rendimiento Medio,17933.9888,172.9297,Non-Consumable
NCC19,2,Rendimiento Medio,16218.888,192.707,Non-Consumable
NCC30,2,Rendimiento Medio,9278.5888,177.25439999999998,Non-Consumable
NCC31,2,Rendimiento Medio,7634.0628,156.0722,Non-Consumable
NCC42,2,Rendimiento Medio,7867.092799999999,140.5088,Non-Consumable
NCC43,2,Rendimiento Medio,13303.3498,251.2466,Non-Consumable
NCC54,2,Rendimiento Medio,23137.8816,240.75293333333332,Non-Consumable
NCC55,2,Rendimiento Medio,1155.8288,36.4348,Non-Consumable
NCD06,2,Rendimiento Medio,3355.632,45.766,Non-Consumable
NCD07,2,Rendimiento Medio,5009.4792,114.3768,Non-Consumable
NCD18,2,Rendimiento Medio,26952.9156,229.53346666666667,Non-Consumable
NCD19,2,Rendimiento Medio,3923.5594,55.04473333333333,Non-Consumable
NCD30,2,Rendimiento Medio,4110.6492,97.6726,Non-Consumable
NCD31,2,Rendimiento Medio,12333.945,165.2726,Non-Consumable
NCD42,2,Rendimiento Medio,3529.4057999999995,38.3106,Non-Consumable
NCD43,2,Rendimiento Medio,1998.7316,105.6214,Non-Consumable
NCD54,2,Rendimiento Medio,15748.1674,144.66431428571428,Non-Consumable
NCD55,2,Rendimiento Medio,1761.7068,41.8204,Non-Consumable
NCE06,2,Rendimiento Medio,6147.9972,161.20940000000002,Non-Consumable
NCE07,2,Rendimiento Medio,11487.0474,141.94397142857142,Non-Consumable
NCE18,2,Rendimiento Medio,21721.725,249.235,Non-Consumable
NCE19,2,Rendimiento Medio,7097.428,54.20988571428571,Non-Consumable
NCE30,2,Rendimiento Medio,12743.412,212.0902,Non-Consumable
NCE31,2,Rendimiento Medio,3496.7816,34.4716,Non-Consumable
NCE42,2,Rendimiento Medio,24070.6674,234.3958,Non-Consumable
NCE43,2,Rendimiento Medio,14487.808,170.54479999999998,Non-Consumable
NCE54,2,Rendimiento Medio,11736.7224,74.9229,Non-Consumable
NCE55,2,Rendimiento Medio,12174.153,176.7703333333333,Non-Consumable
NCF06,2,Rendimiento Medio,6733.901199999999,259.2962,Non-Consumable
NCF07,2,Rendimiento Medio,9816.5552,101.23493333333332,Non-Consumable
NCF18,2,Rendimiento Medio,18216.288,191.9304,Non-Consumable
NCF19,2,Rendimiento Medio,3159.221,48.2034,Non-Consumable
NCF30,2,Rendimiento Medio,10444.4046,125.35286666666669,Non-Consumable
NCF31,2,Rendimiento Medio,8956.3416,151.73573333333334,Non-Consumable
NCF42,2,Rendimiento Medio,17577.12,176.4712,Non-Consumable
NCF43,2,Rendimiento Medio,11594.907,142.30700000000002,Non-Consumable
NCF54,2,Rendimiento Medio,9311.8788,171.2172,Non-Consumable
NCF55,2,Rendimiento Medio,2434.8306,34.6874,Non-Consumable
NCG06,2,Rendimiento Medio,13140.8946,256.81460000000004,Non-Consumable
NCG07,2,Rendimiento Medio,19544.559,190.3101428571429,Non-Consumable
NCG18,2,Rendimiento Medio,9227.988,102.7732,Non-Consumable
NCG19,2,Rendimiento Medio,4687.232,233.8116,Non-Consumable
NCG30,2,Rendimiento Medio,11080.9094,124.17126666666668,Non-Consumable
NCG42,2,Rendimiento Medio,9218.001,129.751,Non-Consumable
NCG43,2,Rendimiento Medio,7866.427,93.38905714285714,Non-Consumable
NCG54,2,Rendimiento Medio,15057.732800000002,171.5356,Non-Consumable
NCG55,2,Rendimiento Medio,7329.1264,115.78426666666668,Non-Consumable
NCH06,2,Rendimiento Medio,11824.608,247.386,Non-Consumable
NCH07,2,Rendimiento Medio,14895.2776,158.83182857142856,Non-Consumable
NCH18,2,Rendimiento Medio,20637.1368,245.94686666666664,Non-Consumable
NCH29,2,Rendimiento Medio,9102.1518,97.9926,Non-Consumable
NCH30,2,Rendimiento Medio,11658.158,114.37171428571428,Non-Consumable
NCH42,2,Rendimiento Medio,20443.389,229.721,Non-Consumable
NCH43,2,Rendimiento Medio,9707.364,216.13586666666663,Non-Consumable
NCH54,2,Rendimiento Medio,11345.232,159.942,Non-Consumable
NCH55,2,Rendimiento Medio,10626.168,126.68771428571428,Non-Consumable
NCI06,2,Rendimiento Medio,15459.876,180.106,Non-Consumable
NCI17,2,Rendimiento Medio,9943.723,95.691,Non-Consumable
NCI18,2,Rendimiento Medio,16154.9712,223.80793333333332,Non-Consumable
NCI29,2,Rendimiento Medio,12763.386,141.6779,Non-Consumable
NCI30,2,Rendimiento Medio,14780.76,245.896,Non-Consumable
NCI31,2,Rendimiento Medio,3918.233,36.77614285714286,Non-Consumable
NCI42,2,Rendimiento Medio,16046.4458,208.0954,Non-Consumable
NCI43,2,Rendimiento Medio,5129.323200000001,48.1876,Non-Consumable
NCI54,2,Rendimiento Medio,13430.5176,109.42453333333331,Non-Consumable
NCI55,2,Rendimiento Medio,14133.6024,121.7614,Non-Consumable
NCJ05,2,Rendimiento Medio,14484.479,152.60153333333332,Non-Consumable
NCJ06,2,Rendimiento Medio,5601.375400000001,119.5532,Non-Consumable
NCJ17,2,Rendimiento Medio,4857.6768,85.3024,Non-Consumable
NCJ18,2,Rendimiento Medio,14577.0252,118.26954285714284,Non-Consumable
NCJ19,2,Rendimiento Medio,6298.468,56.8588,Non-Consumable
NCJ29,2,Rendimiento Medio,7329.1264,85.4224,Non-Consumable
NCJ30,2,Rendimiento Medio,21052.596,169.69011111111112,Non-Consumable
NCJ31,2,Rendimiento Medio,18317.4896,241.5396,Non-Consumable
NCJ42,2,Rendimiento Medio,10150.7868,102.3332,Non-Consumable
NCJ43,2,Rendimiento Medio,8198.6612,174.0646,Non-Consumable
NCJ54,2,Rendimiento Medio,24165.8768,232.12420000000003,Non-Consumable
NCK05,2,Rendimiento Medio,6125.36,60.9036,Non-Consumable
NCK06,2,Rendimiento Medio,6664.657999999999,121.9156,Non-Consumable
NCK07,2,Rendimiento Medio,15787.4496,165.2526,Non-Consumable
NCK17,2,Rendimiento Medio,3954.852,40.198,Non-Consumable
NCK18,2,Rendimiento Medio,19649.0896,164.94697142857143,Non-Consumable
NCK19,2,Rendimiento Medio,15306.0762,193.5478,Non-Consumable
NCK29,2,Rendimiento Medio,15273.452,123.0355,Non-Consumable
NCK30,2,Rendimiento Medio,15727.5276,253.9698,Non-Consumable
NCK31,2,Rendimiento Medio,2204.4638,50.63326666666666,Non-Consumable
NCK42,2,Rendimiento Medio,16178.94,216.3692,Non-Consumable
NCK53,2,Rendimiento Medio,17162.3266,99.6417,Non-Consumable
NCK54,2,Rendimiento Medio,11068.925,116.39833333333333,Non-Consumable
NCL05,2,Rendimiento Medio,3938.207,43.66271428571429,Non-Consumable
NCL06,2,Rendimiento Medio,8634.7602,261.8927333333333,Non-Consumable
NCL07,2,Rendimiento Medio,1757.712,40.348,Non-Consumable
NCL17,2,Rendimiento Medio,10828.5712,141.4562,Non-Consumable
NCL18,2,Rendimiento Medio,14581.02,194.1278857142857,Non-Consumable
NCL19,2,Rendimiento Medio,11308.613,143.527,Non-Consumable
NCL29,2,Rendimiento Medio,15529.1192,158.41754285714288,Non-Consumable
NCL30,2,Rendimiento Medio,12272.0256,127.3836,Non-Consumable
NCL31,2,Rendimiento Medio,26339.048,143.13588888888887,Non-Consumable
NCL41,2,Rendimiento Medio,2008.0528,35.08826666666666,Non-Consumable
NCL42,2,Rendimiento Medio,17886.051199999998,245.0144,Non-Consumable
NCL53,2,Rendimiento Medio,24617.2892,176.0028,Non-Consumable
NCL54,2,Rendimiento Medio,10331.2186,175.5387333333333,Non-Consumable
NCL55,2,Rendimiento Medio,16951.268,254.124,Non-Consumable
NCM05,2,Rendimiento Medio,25639.2922,263.6226,Non-Consumable
NCM06,2,Rendimiento Medio,15446.56,155.4513142857143,Non-Consumable
NCM07,2,Rendimiento Medio,10150.7868,84.29079999999999,Non-Consumable
NCM17,2,Rendimiento Medio,5486.8578,44.8886,Non-Consumable
NCM18,2,Rendimiento Medio,5510.8266,60.8194,Non-Consumable
NCM19,2,Rendimiento Medio,11139.4998,113.1202,Non-Consumable
NCM26,2,Rendimiento Medio,11791.318,154.034,Non-Consumable
NCM29,2,Rendimiento Medio,14427.886,131.30545714285714,Non-Consumable
NCM30,2,Rendimiento Medio,3880.2824,41.45102857142857,Non-Consumable
NCM31,2,Rendimiento Medio,8792.5548,141.74040000000002,Non-Consumable
NCM41,2,Rendimiento Medio,3914.904,93.637,Non-Consumable
NCM42,2,Rendimiento Medio,2948.1624,110.2912,Non-Consumable
NCM43,2,Rendimiento Medio,15822.737,163.3352857142857,Non-Consumable
NCM53,2,Rendimiento Medio,7883.072,105.808,Non-Consumable
NCM54,2,Rendimiento Medio,11572.2698,127.3478,Non-Consumable
NCM55,2,Rendimiento Medio,7033.5112,185.4257333333333,Non-Consumable
NCN05,2,Rendimiento Medio,15013.79,183.245,Non-Consumable
NCN06,2,Rendimiento Medio,12284.009999999998,163.8868,Non-Consumable
NCN07,2,Rendimiento Medio,10941.7572,131.37125714285713,Non-Consumable
NCN14,2,Rendimiento Medio,11760.6912,184.3108,Non-Consumable
NCN17,2,Rendimiento Medio,5127.3258,101.3608,Non-Consumable
NCN18,2,Rendimiento Medio,14429.2176,112.5944,Non-Consumable
NCN19,2,Rendimiento Medio,14041.722,189.853,Non-Consumable
NCN26,2,Rendimiento Medio,9374.464,116.8408,Non-Consumable
NCN29,2,Rendimiento Medio,1555.3088,48.82340000000001,Non-Consumable
NCN30,2,Rendimiento Medio,5985.542,97.441,Non-Consumable
NCN41,2,Rendimiento Medio,5665.9580000000005,123.533,Non-Consumable
NCN42,2,Rendimiento Medio,14567.0382,147.3818,Non-Consumable
NCN43,2,Rendimiento Medio,10716.051,123.323,Non-Consumable
NCN53,2,Rendimiento Medio,3952.1888,35.00168571428571,Non-Consumable
NCN54,2,Rendimiento Medio,3938.8728,76.7328,Non-Consumable
NCN55,2,Rendimiento Medio,22352.9034,240.0138,Non-Consumable
NCO02,2,Rendimiento Medio,7711.9614,66.24753333333334,Non-Consumable
NCO05,2,Rendimiento Medio,13992.4528,98.90982857142856,Non-Consumable
NCO06,2,Rendimiento Medio,2071.3038,34.272466666666666,Non-Consumable
NCO07,2,Rendimiento Medio,9587.52,212.706,Non-Consumable
NCO14,2,Rendimiento Medio,2275.0386,44.3686,Non-Consumable
NCO17,2,Rendimiento Medio,14381.28,119.91542857142858,Non-Consumable
NCO18,2,Rendimiento Medio,15643.6368,177.9486,Non-Consumable
NCO26,2,Rendimiento Medio,12743.412,116.83253333333332,Non-Consumable
NCO29,2,Rendimiento Medio,16774.1652,164.40974285714287,Non-Consumable
NCO30,2,Rendimiento Medio,13965.8208,183.8608,Non-Consumable
NCO41,2,Rendimiento Medio,10740.6856,98.07173333333331,Non-Consumable
NCO42,2,Rendimiento Medio,15455.8812,145.6602,Non-Consumable
NCO43,2,Rendimiento Medio,9614.152,101.0016,Non-Consumable
NCO53,2,Rendimiento Medio,14517.1032,183.5108,Non-Consumable
NCO54,2,Rendimiento Medio,8620.7784,55.8614,Non-Consumable
NCO55,2,Rendimiento Medio,6110.046600000001,107.0338,Non-Consumable
NCP02,2,Rendimiento Medio,3733.1406,59.5562,Non-Consumable
NCP05,2,Rendimiento Medio,22314.9528,151.6899,Non-Consumable
NCP06,2,Rendimiento Medio,12544.3378,151.2366,Non-Consumable
NCP14,2,Rendimiento Medio,7317.142,104.6306,Non-Consumable
NCP17,2,Rendimiento Medio,4602.0096,64.2568,Non-Consumable
NCP18,2,Rendimiento Medio,20313.558,150.48508571428573,Non-Consumable
NCP29,2,Rendimiento Medio,4602.009599999999,64.8168,Non-Consumable
NCP30,2,Rendimiento Medio,4792.4284,39.44886666666667,Non-Consumable
NCP41,2,Rendimiento Medio,3451.5072,108.6096,Non-Consumable
NCP42,2,Rendimiento Medio,13174.8504,194.5678,Non-Consumable
NCP43,2,Rendimiento Medio,10785.96,179.826,Non-Consumable
NCP50,2,Rendimiento Medio,7814.4946,79.87608571428572,Non-Consumable
NCP53,2,Rendimiento Medio,16162.9608,237.0906,Non-Consumable
NCP54,2,Rendimiento Medio,8622.109999999999,124.123,Non-Consumable
NCP55,2,Rendimiento Medio,3591.991,55.644733333333335,Non-Consumable
NCQ02,2,Rendimiento Medio,10138.8024,186.8889333333333,Non-Consumable
NCQ05,2,Rendimiento Medio,18507.9084,150.5583,Non-Consumable
NCQ06,2,Rendimiento Medio,34680.1904,254.96806666666663,Non-Consumable
NCQ17,2,Rendimiento Medio,9700.706,155.988,Non-Consumable
NCQ18,2,Rendimiento Medio,8488.95,99.995,Non-Consumable
NCQ29,2,Rendimiento Medio,5206.556,260.22780000000006,Non-Consumable
NCQ30,2,Rendimiento Medio,3898.9248,123.0014,Non-Consumable
NCQ38,2,Rendimiento Medio,9161.408,105.84228571428572,Non-Consumable
NCQ41,2,Rendimiento Medio,12680.161,194.2794,Non-Consumable
NCQ42,2,Rendimiento Medio,12843.9478,127.40113333333332,Non-Consumable
NCQ43,2,Rendimiento Medio,8407.722399999999,108.7787,Non-Consumable
NCQ50,2,Rendimiento Medio,26074.0596,213.6718,Non-Consumable
NCQ53,2,Rendimiento Medio,34508.414000000004,236.50185714285712,Non-Consumable
NCQ54,2,Rendimiento Medio,17518.5296,167.6674,Non-Consumable
NCR05,2,Rendimiento Medio,21031.2904,198.87982857142856,Non-Consumable
NCR06,2,Rendimiento Medio,2599.2832,42.0612,Non-Consumable
NCR17,2,Rendimiento Medio,14365.3008,115.48253333333334,Non-Consumable
NCR18,2,Rendimiento Medio,2982.784,43.0512,Non-Consumable
NCR29,2,Rendimiento Medio,4414.254,56.718,Non-Consumable
NCR30,2,Rendimiento Medio,2684.5056,74.95293333333333,Non-Consumable
NCR38,2,Rendimiento Medio,22650.516,252.63906666666665,Non-Consumable
NCR41,2,Rendimiento Medio,11520.3374,95.84273333333334,Non-Consumable
NCR42,2,Rendimiento Medio,332.90000000000003,33.69,Non-Consumable
NCR50,2,Rendimiento Medio,16385.338,153.73399999999998,Non-Consumable
NCR53,2,Rendimiento Medio,23629.242,224.68325714285717,Non-Consumable
NCR54,2,Rendimiento Medio,10999.016,196.63100000000003,Non-Consumable
NCS05,2,Rendimiento Medio,8082.1462,132.3192,Non-Consumable
NCS06,2,Rendimiento Medio,22091.244,262.191,Non-Consumable
NCS17,2,Rendimiento Medio,10683.4268,94.4636,Non-Consumable
NCS18,2,Rendimiento Medio,10719.38,107.6338,Non-Consumable
NCS29,2,Rendimiento Medio,21199.072,265.45506666666665,Non-Consumable
NCS30,2,Rendimiento Medio,13949.8416,128.49377142857142,Non-Consumable
NCS38,2,Rendimiento Medio,6527.5032,113.7676,Non-Consumable
NCS41,2,Rendimiento Medio,4042.7376,184.0608,Non-Consumable
NCS42,2,Rendimiento Medio,7662.026400000001,91.5146,Non-Consumable
NCS53,2,Rendimiento Medio,19015.248,158.7979,Non-Consumable
NCS54,2,Rendimiento Medio,24348.306,176.56557142857145,Non-Consumable
NCT05,2,Rendimiento Medio,14061.696,255.8922,Non-Consumable
NCT06,2,Rendimiento Medio,9947.052,166.5442,Non-Consumable
NCT17,2,Rendimiento Medio,18276.8758,188.9414,Non-Consumable
NCT18,2,Rendimiento Medio,16117.6864,180.6976,Non-Consumable
NCT29,2,Rendimiento Medio,6579.435600000001,122.6664,Non-Consumable
NCT30,2,Rendimiento Medio,2789.0362,47.638466666666666,Non-Consumable
NCT41,2,Rendimiento Medio,10018.9584,152.1024,Non-Consumable
NCT42,2,Rendimiento Medio,11632.8576,149.45586666666665,Non-Consumable
NCT53,2,Rendimiento Medio,5262.483200000001,164.08593333333334,Non-Consumable
NCT54,2,Rendimiento Medio,5236.517,94.3294,Non-Consumable
NCU05,2,Rendimiento Medio,6203.258599999999,80.92846666666667,Non-Consumable
NCU06,2,Rendimiento Medio,8728.638,229.23433333333327,Non-Consumable
NCU17,2,Rendimiento Medio,12122.2206,101.6674,Non-Consumable
NCU18,2,Rendimiento Medio,12562.3144,140.4496,Non-Consumable
NCU29,2,Rendimiento Medio,7763.228,145.24266666666668,Non-Consumable
NCU30,2,Rendimiento Medio,13539.043,162.921,Non-Consumable
NCU41,2,Rendimiento Medio,15668.9372,190.4846,Non-Consumable
NCU42,2,Rendimiento Medio,23751.083400000003,169.01406666666665,Non-Consumable
NCU53,2,Rendimiento Medio,5968.2312,165.1842,Non-Consumable
NCU54,2,Rendimiento Medio,22021.335,208.99366666666663,Non-Consumable
NCV05,2,Rendimiento Medio,9267.936,153.3656,Non-Consumable
NCV06,2,Rendimiento Medio,20924.7624,193.7478,Non-Consumable
NCV17,2,Rendimiento Medio,11542.3088,129.8876,Non-Consumable
NCV18,2,Rendimiento Medio,5659.3,84.425,Non-Consumable
NCV29,2,Rendimiento Medio,9777.273,177.0686,Non-Consumable
NCV30,2,Rendimiento Medio,4554.072,62.411,Non-Consumable
NCV41,2,Rendimiento Medio,12378.5536,110.0103,Non-Consumable
NCV42,2,Rendimiento Medio,4199.8664,110.85613333333332,Non-Consumable
NCV53,2,Rendimiento Medio,23489.424,238.928,Non-Consumable
NCV54,2,Rendimiento Medio,11021.6532,118.29811428571428,Non-Consumable
NCW05,2,Rendimiento Medio,6431.628,108.6438,Non-Consumable
NCW06,2,Rendimiento Medio,10967.7234,191.7362,Non-Consumable
NCW17,2,Rendimiento Medio,12207.443,128.7494,Non-Consumable
NCW18,2,Rendimiento Medio,15643.6368,238.1748,Non-Consumable
NCW29,2,Rendimiento Medio,10516.311,130.41433333333333,Non-Consumable
NCW30,2,Rendimiento Medio,7251.8936,258.74620000000004,Non-Consumable
NCW41,2,Rendimiento Medio,15212.1984,158.5204,Non-Consumable
NCW42,2,Rendimiento Medio,13262.736,221.0456,Non-Consumable
NCW53,2,Rendimiento Medio,15778.1284,192.68762857142855,Non-Consumable
NCW54,2,Rendimiento Medio,4523.4452,57.1388,Non-Consumable
NCX05,2,Rendimiento Medio,10194.7296,116.2992,Non-Consumable
NCX06,2,Rendimiento Medio,14487.808,181.7376,Non-Consumable
NCX17,2,Rendimiento Medio,10020.29,232.36333333333332,Non-Consumable
NCX18,2,Rendimiento Medio,16891.346,196.2252857142857,Non-Consumable
NCX29,2,Rendimiento Medio,15601.6914,146.0227,Non-Consumable
NCX30,2,Rendimiento Medio,23529.372,247.66093333333333,Non-Consumable
NCX41,2,Rendimiento Medio,14185.5348,211.1744,Non-Consumable
NCX42,2,Rendimiento Medio,18418.6912,163.8383142857143,Non-Consumable
NCX53,2,Rendimiento Medio,4112.6466,141.9154,Non-Consumable
NCX54,2,Rendimiento Medio,11750.7042,106.24791428571427,Non-Consumable
NCY05,2,Rendimiento Medio,3352.303,35.4274,Non-Consumable
NCY06,2,Rendimiento Medio,11875.2088,130.8968,Non-Consumable
NCY17,2,Rendimiento Medio,4371.6428,43.8086,Non-Consumable
NCY18,2,Rendimiento Medio,29067.4964,175.04984444444443,Non-Consumable
NCY29,2,Rendimiento Medio,5998.857999999999,55.768,Non-Consumable
NCY30,2,Rendimiento Medio,11771.344,180.8226,Non-Consumable
NCY41,2,Rendimiento Medio,4781.775600000001,35.49605714285714,Non-Consumable
NCY42,2,Rendimiento Medio,10449.731,144.372,Non-Consumable
NCY53,2,Rendimiento Medio,10738.0224,111.3544,Non-Consumable
NCY54,2,Rendimiento Medio,13278.0494,171.9672,Non-Consumable
NCZ05,2,Rendimiento Medio,2063.98,104.13233333333334,Non-Consumable
NCZ06,2,Rendimiento Medio,22830.282,253.5698,Non-Consumable
NCZ17,2,Rendimiento Medio,4933.578,38.21726666666667,Non-Consumable
NCZ18,2,Rendimiento Medio,29679.3666,254.04122857142852,Non-Consumable
NCZ29,2,Rendimiento Medio,6669.3186,126.2612,Non-Consumable
NCZ30,2,Rendimiento Medio,12653.529,120.75265714285716,Non-Consumable
NCZ41,2,Rendimiento Medio,9137.4392,125.6304,Non-Consumable
NCZ42,2,Rendimiento Medio,19199.0088,236.6448,Non-Consumable
NCZ53,2,Rendimiento Medio,15073.712,188.3214,Non-Consumable
NCZ54,2,Rendimiento Medio,22743.728,162.2552,Non-Consumable
